Command line invocation:
    /Applications/Xcode.app/Contents/Developer/usr/bin/xcodebuild -project a-do.xcodeproj -scheme a-do -sdk iphonesimulator build ONLY_ACTIVE_ARCH=NO

Build settings from command line:
    ONLY_ACTIVE_ARCH = NO
    SDKROOT = iphonesimulator26.0

--- xcodebuild: WARNING: Using the first of multiple matching destinations:
{ platform:iOS Simulator, id:dvtdevice-DVTiOSDeviceSimulatorPlaceholder-iphonesimulator:placeholder, name:Any iOS Simulator Device }
{ platform:iOS Simulator, arch:arm64, id:B0AD678F-D26F-4AFD-BD47-DA384A6202F1, OS:26.0, name:iPad (A16) }
{ platform:iOS Simulator, arch:arm64, id:872B1B42-D120-4468-B10A-2C0E50594C4B, OS:26.0, name:iPad Air (5th generation) }
{ platform:iOS Simulator, arch:arm64, id:F618988A-47D0-4E1D-979F-CF1F659B5A90, OS:26.0, name:iPad Air 11-inch (M3) }
{ platform:iOS Simulator, arch:arm64, id:A6A80E85-DA00-4A4B-A5F5-8B7C0307CD0B, OS:26.0, name:iPad Air 13-inch (M3) }
{ platform:iOS Simulator, arch:arm64, id:15870543-6358-4BD2-A18A-81EA685C5AA9, OS:26.0, name:iPad Pro 11-inch (M4) }
{ platform:iOS Simulator, arch:arm64, id:B6F64D87-B2B2-4C50-A3A4-71443A6353DB, OS:26.0, name:iPad Pro 13-inch (M4) }
{ platform:iOS Simulator, arch:arm64, id:F6CFC8A2-053A-423F-9779-2DC339778294, OS:26.0, name:iPad mini (A17 Pro) }
{ platform:iOS Simulator, arch:arm64, id:4C37B684-2477-4F06-B0EB-C803932ADCC2, OS:26.0, name:iPhone 13 mini }
{ platform:iOS Simulator, arch:arm64, id:D1F8C0A4-E98F-450F-815A-D4A8EBD020E8, OS:26.0, name:iPhone 16e }
{ platform:iOS Simulator, arch:arm64, id:77CB563F-760D-4968-8520-383D17DB1237, OS:26.0, name:iPhone 17 }
{ platform:iOS Simulator, arch:arm64, id:47602CD7-ED5A-4A84-A57A-760D80019176, OS:26.0, name:iPhone 17 Pro }
{ platform:iOS Simulator, arch:arm64, id:B4F0214A-F641-4D0B-9B05-E1A1FF7F9DF2, OS:26.0, name:iPhone 17 Pro Max }
{ platform:iOS Simulator, arch:arm64, id:A4815C98-5D52-48A8-B387-571E838F6B8B, OS:26.0, name:iPhone Air }
{ platform:iOS, id:dvtdevice-DVTiPhonePlaceholder-iphoneos:placeholder, name:Any iOS Device }
{ platform:iOS, arch:arm64, id:00008132-000A01442ED9001C, name:IP13 }
{ platform:iOS, arch:arm64, id:00008150-0001602C2100401C, name:IPA }
ComputePackagePrebuildTargetDependencyGraph

Prepare packages

CreateBuildRequest

SendProjectDescription

CreateBuildOperation

ComputeTargetDependencyGraph
note: Building targets in dependency order
note: Target dependency graph (2 targets)
    Target 'a-do' in project 'a-do'
        ➜ Explicit dependency on target 'a-do WidgetExtension' in project 'a-do'
    Target 'a-do WidgetExtension' in project 'a-do' (no dependencies)

GatherProvisioningInputs

CreateBuildDescription

ExecuteExternalTool /Applications/Xcode.app/Contents/Developer/Toolchains/XcodeDefault.xctoolchain/usr/bin/clang -v -E -dM -isysroot /Applications/Xcode.app/Contents/Developer/Platforms/iPhoneSimulator.platform/Developer/SDKs/iPhoneSimulator26.0.sdk -x c -c /dev/null

ExecuteExternalTool /Applications/Xcode.app/Contents/Developer/Toolchains/XcodeDefault.xctoolchain/usr/bin/swiftc --version

ExecuteExternalTool /Applications/Xcode.app/Contents/Developer/usr/bin/ibtool --version --output-format xml1

ExecuteExternalTool /Applications/Xcode.app/Contents/Developer/usr/bin/actool --print-asset-tag-combinations --output-format xml1 /Users/ahmadhamilton/Documents/GitHub/Remember/a-do/Assets.xcassets

ExecuteExternalTool /Applications/Xcode.app/Contents/Developer/usr/bin/actool --version --output-format xml1

ExecuteExternalTool /Applications/Xcode.app/Contents/Developer/Toolchains/XcodeDefault.xctoolchain/usr/bin/ld -version_details

Build description signature: 782266565569e49189c393cedec7939f
Build description path: /Users/ahmadhamilton/Library/Developer/Xcode/DerivedData/a-do-bftrwaswllkyrrgwbkjoeerjxfwv/Build/Intermediates.noindex/XCBuildData/782266565569e49189c393cedec7939f.xcbuilddata
ClangStatCache /Applications/Xcode.app/Contents/Developer/Toolchains/XcodeDefault.xctoolchain/usr/bin/clang-stat-cache /Applications/Xcode.app/Contents/Developer/Platforms/iPhoneSimulator.platform/Developer/SDKs/iPhoneSimulator26.0.sdk /Users/ahmadhamilton/Library/Developer/Xcode/DerivedData/SDKStatCaches.noindex/iphonesimulator26.0-23A339-3885c01c3e6b6a337905948deab2002e26257891a6c027eb51374368541b8346.sdkstatcache
    cd /Users/ahmadhamilton/Documents/GitHub/Remember/a-do.xcodeproj
    /Applications/Xcode.app/Contents/Developer/Toolchains/XcodeDefault.xctoolchain/usr/bin/clang-stat-cache /Applications/Xcode.app/Contents/Developer/Platforms/iPhoneSimulator.platform/Developer/SDKs/iPhoneSimulator26.0.sdk -o /Users/ahmadhamilton/Library/Developer/Xcode/DerivedData/SDKStatCaches.noindex/iphonesimulator26.0-23A339-3885c01c3e6b6a337905948deab2002e26257891a6c027eb51374368541b8346.sdkstatcache

CreateBuildDirectory /Users/ahmadhamilton/Library/Developer/Xcode/DerivedData/a-do-bftrwaswllkyrrgwbkjoeerjxfwv/Build/Products
    cd /Users/ahmadhamilton/Documents/GitHub/Remember/a-do.xcodeproj
    builtin-create-build-directory /Users/ahmadhamilton/Library/Developer/Xcode/DerivedData/a-do-bftrwaswllkyrrgwbkjoeerjxfwv/Build/Products

CreateBuildDirectory /Users/ahmadhamilton/Library/Developer/Xcode/DerivedData/a-do-bftrwaswllkyrrgwbkjoeerjxfwv/Build/Intermediates.noindex
    cd /Users/ahmadhamilton/Documents/GitHub/Remember/a-do.xcodeproj
    builtin-create-build-directory /Users/ahmadhamilton/Library/Developer/Xcode/DerivedData/a-do-bftrwaswllkyrrgwbkjoeerjxfwv/Build/Intermediates.noindex

CreateBuildDirectory /Users/ahmadhamilton/Library/Developer/Xcode/DerivedData/a-do-bftrwaswllkyrrgwbkjoeerjxfwv/Build/Intermediates.noindex/ExplicitPrecompiledModules
    cd /Users/ahmadhamilton/Documents/GitHub/Remember/a-do.xcodeproj
    builtin-create-build-directory /Users/ahmadhamilton/Library/Developer/Xcode/DerivedData/a-do-bftrwaswllkyrrgwbkjoeerjxfwv/Build/Intermediates.noindex/ExplicitPrecompiledModules

CreateBuildDirectory /Users/ahmadhamilton/Library/Developer/Xcode/DerivedData/a-do-bftrwaswllkyrrgwbkjoeerjxfwv/Build/Intermediates.noindex/SwiftExplicitPrecompiledModules
    cd /Users/ahmadhamilton/Documents/GitHub/Remember/a-do.xcodeproj
    builtin-create-build-directory /Users/ahmadhamilton/Library/Developer/Xcode/DerivedData/a-do-bftrwaswllkyrrgwbkjoeerjxfwv/Build/Intermediates.noindex/SwiftExplicitPrecompiledModules

CreateBuildDirectory /Users/ahmadhamilton/Library/Developer/Xcode/DerivedData/a-do-bftrwaswllkyrrgwbkjoeerjxfwv/Build/Products/Debug-iphonesimulator
    cd /Users/ahmadhamilton/Documents/GitHub/Remember/a-do.xcodeproj
    builtin-create-build-directory /Users/ahmadhamilton/Library/Developer/Xcode/DerivedData/a-do-bftrwaswllkyrrgwbkjoeerjxfwv/Build/Products/Debug-iphonesimulator

CreateBuildDirectory /Users/ahmadhamilton/Library/Developer/Xcode/DerivedData/a-do-bftrwaswllkyrrgwbkjoeerjxfwv/Build/Intermediates.noindex/EagerLinkingTBDs/Debug-iphonesimulator
    cd /Users/ahmadhamilton/Documents/GitHub/Remember/a-do.xcodeproj
    builtin-create-build-directory /Users/ahmadhamilton/Library/Developer/Xcode/DerivedData/a-do-bftrwaswllkyrrgwbkjoeerjxfwv/Build/Intermediates.noindex/EagerLinkingTBDs/Debug-iphonesimulator

WriteAuxiliaryFile /Users/ahmadhamilton/Library/Developer/Xcode/DerivedData/a-do-bftrwaswllkyrrgwbkjoeerjxfwv/Build/Intermediates.noindex/a-do.build/Debug-iphonesimulator/a-do-5d5d753a783d9c231b5ae24ec7585299-VFS-iphonesimulator/all-product-headers.yaml
    cd /Users/ahmadhamilton/Documents/GitHub/Remember/a-do.xcodeproj
    write-file /Users/ahmadhamilton/Library/Developer/Xcode/DerivedData/a-do-bftrwaswllkyrrgwbkjoeerjxfwv/Build/Intermediates.noindex/a-do.build/Debug-iphonesimulator/a-do-5d5d753a783d9c231b5ae24ec7585299-VFS-iphonesimulator/all-product-headers.yaml

WriteAuxiliaryFile /Users/ahmadhamilton/Library/Developer/Xcode/DerivedData/a-do-bftrwaswllkyrrgwbkjoeerjxfwv/Build/Intermediates.noindex/a-do.build/Debug-iphonesimulator/a-do.build/a-do-all-non-framework-target-headers.hmap (in target 'a-do' from project 'a-do')
    cd /Users/ahmadhamilton/Documents/GitHub/Remember
    write-file /Users/ahmadhamilton/Library/Developer/Xcode/DerivedData/a-do-bftrwaswllkyrrgwbkjoeerjxfwv/Build/Intermediates.noindex/a-do.build/Debug-iphonesimulator/a-do.build/a-do-all-non-framework-target-headers.hmap

WriteAuxiliaryFile /Users/ahmadhamilton/Library/Developer/Xcode/DerivedData/a-do-bftrwaswllkyrrgwbkjoeerjxfwv/Build/Intermediates.noindex/a-do.build/Debug-iphonesimulator/a-do.build/a-do-project-headers.hmap (in target 'a-do' from project 'a-do')
    cd /Users/ahmadhamilton/Documents/GitHub/Remember
    write-file /Users/ahmadhamilton/Library/Developer/Xcode/DerivedData/a-do-bftrwaswllkyrrgwbkjoeerjxfwv/Build/Intermediates.noindex/a-do.build/Debug-iphonesimulator/a-do.build/a-do-project-headers.hmap

WriteAuxiliaryFile /Users/ahmadhamilton/Library/Developer/Xcode/DerivedData/a-do-bftrwaswllkyrrgwbkjoeerjxfwv/Build/Intermediates.noindex/a-do.build/Debug-iphonesimulator/a-do.build/a-do-DebugDylibPath-normal-x86_64.txt (in target 'a-do' from project 'a-do')
    cd /Users/ahmadhamilton/Documents/GitHub/Remember
    write-file /Users/ahmadhamilton/Library/Developer/Xcode/DerivedData/a-do-bftrwaswllkyrrgwbkjoeerjxfwv/Build/Intermediates.noindex/a-do.build/Debug-iphonesimulator/a-do.build/a-do-DebugDylibPath-normal-x86_64.txt

WriteAuxiliaryFile /Users/ahmadhamilton/Library/Developer/Xcode/DerivedData/a-do-bftrwaswllkyrrgwbkjoeerjxfwv/Build/Intermediates.noindex/a-do.build/Debug-iphonesimulator/a-do.build/a-do.DependencyMetadataFileList (in target 'a-do' from project 'a-do')
    cd /Users/ahmadhamilton/Documents/GitHub/Remember
    write-file /Users/ahmadhamilton/Library/Developer/Xcode/DerivedData/a-do-bftrwaswllkyrrgwbkjoeerjxfwv/Build/Intermediates.noindex/a-do.build/Debug-iphonesimulator/a-do.build/a-do.DependencyMetadataFileList

WriteAuxiliaryFile /Users/ahmadhamilton/Library/Developer/Xcode/DerivedData/a-do-bftrwaswllkyrrgwbkjoeerjxfwv/Build/Intermediates.noindex/a-do.build/Debug-iphonesimulator/a-do.build/a-do-all-target-headers.hmap (in target 'a-do' from project 'a-do')
    cd /Users/ahmadhamilton/Documents/GitHub/Remember
    write-file /Users/ahmadhamilton/Library/Developer/Xcode/DerivedData/a-do-bftrwaswllkyrrgwbkjoeerjxfwv/Build/Intermediates.noindex/a-do.build/Debug-iphonesimulator/a-do.build/a-do-all-target-headers.hmap

WriteAuxiliaryFile /Users/ahmadhamilton/Library/Developer/Xcode/DerivedData/a-do-bftrwaswllkyrrgwbkjoeerjxfwv/Build/Intermediates.noindex/a-do.build/Debug-iphonesimulator/a-do.build/a-do.hmap (in target 'a-do' from project 'a-do')
    cd /Users/ahmadhamilton/Documents/GitHub/Remember
    write-file /Users/ahmadhamilton/Library/Developer/Xcode/DerivedData/a-do-bftrwaswllkyrrgwbkjoeerjxfwv/Build/Intermediates.noindex/a-do.build/Debug-iphonesimulator/a-do.build/a-do.hmap

WriteAuxiliaryFile /Users/ahmadhamilton/Library/Developer/Xcode/DerivedData/a-do-bftrwaswllkyrrgwbkjoeerjxfwv/Build/Intermediates.noindex/a-do.build/Debug-iphonesimulator/a-do.build/a-do-own-target-headers.hmap (in target 'a-do' from project 'a-do')
    cd /Users/ahmadhamilton/Documents/GitHub/Remember
    write-file /Users/ahmadhamilton/Library/Developer/Xcode/DerivedData/a-do-bftrwaswllkyrrgwbkjoeerjxfwv/Build/Intermediates.noindex/a-do.build/Debug-iphonesimulator/a-do.build/a-do-own-target-headers.hmap

WriteAuxiliaryFile /Users/ahmadhamilton/Library/Developer/Xcode/DerivedData/a-do-bftrwaswllkyrrgwbkjoeerjxfwv/Build/Intermediates.noindex/a-do.build/Debug-iphonesimulator/a-do.build/a-do.DependencyStaticMetadataFileList (in target 'a-do' from project 'a-do')
    cd /Users/ahmadhamilton/Documents/GitHub/Remember
    write-file /Users/ahmadhamilton/Library/Developer/Xcode/DerivedData/a-do-bftrwaswllkyrrgwbkjoeerjxfwv/Build/Intermediates.noindex/a-do.build/Debug-iphonesimulator/a-do.build/a-do.DependencyStaticMetadataFileList

WriteAuxiliaryFile /Users/ahmadhamilton/Library/Developer/Xcode/DerivedData/a-do-bftrwaswllkyrrgwbkjoeerjxfwv/Build/Intermediates.noindex/a-do.build/Debug-iphonesimulator/a-do.build/a-do-DebugDylibPath-normal-arm64.txt (in target 'a-do' from project 'a-do')
    cd /Users/ahmadhamilton/Documents/GitHub/Remember
    write-file /Users/ahmadhamilton/Library/Developer/Xcode/DerivedData/a-do-bftrwaswllkyrrgwbkjoeerjxfwv/Build/Intermediates.noindex/a-do.build/Debug-iphonesimulator/a-do.build/a-do-DebugDylibPath-normal-arm64.txt

WriteAuxiliaryFile /Users/ahmadhamilton/Library/Developer/Xcode/DerivedData/a-do-bftrwaswllkyrrgwbkjoeerjxfwv/Build/Intermediates.noindex/a-do.build/Debug-iphonesimulator/a-do.build/empty-a-do.plist (in target 'a-do' from project 'a-do')
    cd /Users/ahmadhamilton/Documents/GitHub/Remember
    write-file /Users/ahmadhamilton/Library/Developer/Xcode/DerivedData/a-do-bftrwaswllkyrrgwbkjoeerjxfwv/Build/Intermediates.noindex/a-do.build/Debug-iphonesimulator/a-do.build/empty-a-do.plist

WriteAuxiliaryFile /Users/ahmadhamilton/Library/Developer/Xcode/DerivedData/a-do-bftrwaswllkyrrgwbkjoeerjxfwv/Build/Intermediates.noindex/a-do.build/Debug-iphonesimulator/a-do.build/a-do-DebugDylibInstallName-normal-x86_64.txt (in target 'a-do' from project 'a-do')
    cd /Users/ahmadhamilton/Documents/GitHub/Remember
    write-file /Users/ahmadhamilton/Library/Developer/Xcode/DerivedData/a-do-bftrwaswllkyrrgwbkjoeerjxfwv/Build/Intermediates.noindex/a-do.build/Debug-iphonesimulator/a-do.build/a-do-DebugDylibInstallName-normal-x86_64.txt

WriteAuxiliaryFile /Users/ahmadhamilton/Library/Developer/Xcode/DerivedData/a-do-bftrwaswllkyrrgwbkjoeerjxfwv/Build/Intermediates.noindex/a-do.build/Debug-iphonesimulator/a-do.build/a-do-generated-files.hmap (in target 'a-do' from project 'a-do')
    cd /Users/ahmadhamilton/Documents/GitHub/Remember
    write-file /Users/ahmadhamilton/Library/Developer/Xcode/DerivedData/a-do-bftrwaswllkyrrgwbkjoeerjxfwv/Build/Intermediates.noindex/a-do.build/Debug-iphonesimulator/a-do.build/a-do-generated-files.hmap

WriteAuxiliaryFile /Users/ahmadhamilton/Library/Developer/Xcode/DerivedData/a-do-bftrwaswllkyrrgwbkjoeerjxfwv/Build/Intermediates.noindex/a-do.build/Debug-iphonesimulator/a-do.build/a-do-DebugDylibInstallName-normal-arm64.txt (in target 'a-do' from project 'a-do')
    cd /Users/ahmadhamilton/Documents/GitHub/Remember
    write-file /Users/ahmadhamilton/Library/Developer/Xcode/DerivedData/a-do-bftrwaswllkyrrgwbkjoeerjxfwv/Build/Intermediates.noindex/a-do.build/Debug-iphonesimulator/a-do.build/a-do-DebugDylibInstallName-normal-arm64.txt

WriteAuxiliaryFile /Users/ahmadhamilton/Library/Developer/Xcode/DerivedData/a-do-bftrwaswllkyrrgwbkjoeerjxfwv/Build/Intermediates.noindex/a-do.build/Debug-iphonesimulator/a-do.build/Objects-normal/arm64/a-do.LinkFileList (in target 'a-do' from project 'a-do')
    cd /Users/ahmadhamilton/Documents/GitHub/Remember
    write-file /Users/ahmadhamilton/Library/Developer/Xcode/DerivedData/a-do-bftrwaswllkyrrgwbkjoeerjxfwv/Build/Intermediates.noindex/a-do.build/Debug-iphonesimulator/a-do.build/Objects-normal/arm64/a-do.LinkFileList

WriteAuxiliaryFile /Users/ahmadhamilton/Library/Developer/Xcode/DerivedData/a-do-bftrwaswllkyrrgwbkjoeerjxfwv/Build/Intermediates.noindex/a-do.build/Debug-iphonesimulator/a-do.build/Objects-normal/x86_64/a-do_const_extract_protocols.json (in target 'a-do' from project 'a-do')
    cd /Users/ahmadhamilton/Documents/GitHub/Remember
    write-file /Users/ahmadhamilton/Library/Developer/Xcode/DerivedData/a-do-bftrwaswllkyrrgwbkjoeerjxfwv/Build/Intermediates.noindex/a-do.build/Debug-iphonesimulator/a-do.build/Objects-normal/x86_64/a-do_const_extract_protocols.json

WriteAuxiliaryFile /Users/ahmadhamilton/Library/Developer/Xcode/DerivedData/a-do-bftrwaswllkyrrgwbkjoeerjxfwv/Build/Intermediates.noindex/a-do.build/Debug-iphonesimulator/a-do.build/Objects-normal/arm64/a-do-OutputFileMap.json (in target 'a-do' from project 'a-do')
    cd /Users/ahmadhamilton/Documents/GitHub/Remember
    write-file /Users/ahmadhamilton/Library/Developer/Xcode/DerivedData/a-do-bftrwaswllkyrrgwbkjoeerjxfwv/Build/Intermediates.noindex/a-do.build/Debug-iphonesimulator/a-do.build/Objects-normal/arm64/a-do-OutputFileMap.json

WriteAuxiliaryFile /Users/ahmadhamilton/Library/Developer/Xcode/DerivedData/a-do-bftrwaswllkyrrgwbkjoeerjxfwv/Build/Intermediates.noindex/a-do.build/Debug-iphonesimulator/a-do.build/Objects-normal/x86_64/a-do.SwiftConstValuesFileList (in target 'a-do' from project 'a-do')
    cd /Users/ahmadhamilton/Documents/GitHub/Remember
    write-file /Users/ahmadhamilton/Library/Developer/Xcode/DerivedData/a-do-bftrwaswllkyrrgwbkjoeerjxfwv/Build/Intermediates.noindex/a-do.build/Debug-iphonesimulator/a-do.build/Objects-normal/x86_64/a-do.SwiftConstValuesFileList

WriteAuxiliaryFile /Users/ahmadhamilton/Library/Developer/Xcode/DerivedData/a-do-bftrwaswllkyrrgwbkjoeerjxfwv/Build/Intermediates.noindex/a-do.build/Debug-iphonesimulator/a-do.build/Objects-normal/x86_64/a-do.LinkFileList (in target 'a-do' from project 'a-do')
    cd /Users/ahmadhamilton/Documents/GitHub/Remember
    write-file /Users/ahmadhamilton/Library/Developer/Xcode/DerivedData/a-do-bftrwaswllkyrrgwbkjoeerjxfwv/Build/Intermediates.noindex/a-do.build/Debug-iphonesimulator/a-do.build/Objects-normal/x86_64/a-do.LinkFileList

WriteAuxiliaryFile /Users/ahmadhamilton/Library/Developer/Xcode/DerivedData/a-do-bftrwaswllkyrrgwbkjoeerjxfwv/Build/Intermediates.noindex/a-do.build/Debug-iphonesimulator/a-do.build/Objects-normal/arm64/a-do_const_extract_protocols.json (in target 'a-do' from project 'a-do')
    cd /Users/ahmadhamilton/Documents/GitHub/Remember
    write-file /Users/ahmadhamilton/Library/Developer/Xcode/DerivedData/a-do-bftrwaswllkyrrgwbkjoeerjxfwv/Build/Intermediates.noindex/a-do.build/Debug-iphonesimulator/a-do.build/Objects-normal/arm64/a-do_const_extract_protocols.json

WriteAuxiliaryFile /Users/ahmadhamilton/Library/Developer/Xcode/DerivedData/a-do-bftrwaswllkyrrgwbkjoeerjxfwv/Build/Intermediates.noindex/a-do.build/Debug-iphonesimulator/a-do.build/Objects-normal/x86_64/a-do.SwiftFileList (in target 'a-do' from project 'a-do')
    cd /Users/ahmadhamilton/Documents/GitHub/Remember
    write-file /Users/ahmadhamilton/Library/Developer/Xcode/DerivedData/a-do-bftrwaswllkyrrgwbkjoeerjxfwv/Build/Intermediates.noindex/a-do.build/Debug-iphonesimulator/a-do.build/Objects-normal/x86_64/a-do.SwiftFileList

WriteAuxiliaryFile /Users/ahmadhamilton/Library/Developer/Xcode/DerivedData/a-do-bftrwaswllkyrrgwbkjoeerjxfwv/Build/Intermediates.noindex/a-do.build/Debug-iphonesimulator/a-do.build/Objects-normal/arm64/a-do.SwiftConstValuesFileList (in target 'a-do' from project 'a-do')
    cd /Users/ahmadhamilton/Documents/GitHub/Remember
    write-file /Users/ahmadhamilton/Library/Developer/Xcode/DerivedData/a-do-bftrwaswllkyrrgwbkjoeerjxfwv/Build/Intermediates.noindex/a-do.build/Debug-iphonesimulator/a-do.build/Objects-normal/arm64/a-do.SwiftConstValuesFileList

WriteAuxiliaryFile /Users/ahmadhamilton/Library/Developer/Xcode/DerivedData/a-do-bftrwaswllkyrrgwbkjoeerjxfwv/Build/Intermediates.noindex/a-do.build/Debug-iphonesimulator/a-do.build/Objects-normal/arm64/a-do.SwiftFileList (in target 'a-do' from project 'a-do')
    cd /Users/ahmadhamilton/Documents/GitHub/Remember
    write-file /Users/ahmadhamilton/Library/Developer/Xcode/DerivedData/a-do-bftrwaswllkyrrgwbkjoeerjxfwv/Build/Intermediates.noindex/a-do.build/Debug-iphonesimulator/a-do.build/Objects-normal/arm64/a-do.SwiftFileList

WriteAuxiliaryFile /Users/ahmadhamilton/Library/Developer/Xcode/DerivedData/a-do-bftrwaswllkyrrgwbkjoeerjxfwv/Build/Intermediates.noindex/a-do.build/Debug-iphonesimulator/a-do.build/Objects-normal/x86_64/a-do-OutputFileMap.json (in target 'a-do' from project 'a-do')
    cd /Users/ahmadhamilton/Documents/GitHub/Remember
    write-file /Users/ahmadhamilton/Library/Developer/Xcode/DerivedData/a-do-bftrwaswllkyrrgwbkjoeerjxfwv/Build/Intermediates.noindex/a-do.build/Debug-iphonesimulator/a-do.build/Objects-normal/x86_64/a-do-OutputFileMap.json

WriteAuxiliaryFile /Users/ahmadhamilton/Library/Developer/Xcode/DerivedData/a-do-bftrwaswllkyrrgwbkjoeerjxfwv/Build/Intermediates.noindex/a-do.build/Debug-iphonesimulator/a-do.build/DerivedSources/Entitlements-Simulated.plist (in target 'a-do' from project 'a-do')
    cd /Users/ahmadhamilton/Documents/GitHub/Remember
    write-file /Users/ahmadhamilton/Library/Developer/Xcode/DerivedData/a-do-bftrwaswllkyrrgwbkjoeerjxfwv/Build/Intermediates.noindex/a-do.build/Debug-iphonesimulator/a-do.build/DerivedSources/Entitlements-Simulated.plist

WriteAuxiliaryFile /Users/ahmadhamilton/Library/Developer/Xcode/DerivedData/a-do-bftrwaswllkyrrgwbkjoeerjxfwv/Build/Intermediates.noindex/a-do.build/Debug-iphonesimulator/a-do\ WidgetExtension.build/a-do\ WidgetExtension.hmap (in target 'a-do WidgetExtension' from project 'a-do')
    cd /Users/ahmadhamilton/Documents/GitHub/Remember
    write-file /Users/ahmadhamilton/Library/Developer/Xcode/DerivedData/a-do-bftrwaswllkyrrgwbkjoeerjxfwv/Build/Intermediates.noindex/a-do.build/Debug-iphonesimulator/a-do\ WidgetExtension.build/a-do\ WidgetExtension.hmap

WriteAuxiliaryFile /Users/ahmadhamilton/Library/Developer/Xcode/DerivedData/a-do-bftrwaswllkyrrgwbkjoeerjxfwv/Build/Intermediates.noindex/a-do.build/Debug-iphonesimulator/a-do\ WidgetExtension.build/a-do\ WidgetExtension.DependencyStaticMetadataFileList (in target 'a-do WidgetExtension' from project 'a-do')
    cd /Users/ahmadhamilton/Documents/GitHub/Remember
    write-file /Users/ahmadhamilton/Library/Developer/Xcode/DerivedData/a-do-bftrwaswllkyrrgwbkjoeerjxfwv/Build/Intermediates.noindex/a-do.build/Debug-iphonesimulator/a-do\ WidgetExtension.build/a-do\ WidgetExtension.DependencyStaticMetadataFileList

WriteAuxiliaryFile /Users/ahmadhamilton/Library/Developer/Xcode/DerivedData/a-do-bftrwaswllkyrrgwbkjoeerjxfwv/Build/Intermediates.noindex/a-do.build/Debug-iphonesimulator/a-do\ WidgetExtension.build/a-do\ WidgetExtension-project-headers.hmap (in target 'a-do WidgetExtension' from project 'a-do')
    cd /Users/ahmadhamilton/Documents/GitHub/Remember
    write-file /Users/ahmadhamilton/Library/Developer/Xcode/DerivedData/a-do-bftrwaswllkyrrgwbkjoeerjxfwv/Build/Intermediates.noindex/a-do.build/Debug-iphonesimulator/a-do\ WidgetExtension.build/a-do\ WidgetExtension-project-headers.hmap

WriteAuxiliaryFile /Users/ahmadhamilton/Library/Developer/Xcode/DerivedData/a-do-bftrwaswllkyrrgwbkjoeerjxfwv/Build/Intermediates.noindex/a-do.build/Debug-iphonesimulator/a-do\ WidgetExtension.build/a-do\ WidgetExtension-generated-files.hmap (in target 'a-do WidgetExtension' from project 'a-do')
    cd /Users/ahmadhamilton/Documents/GitHub/Remember
    write-file /Users/ahmadhamilton/Library/Developer/Xcode/DerivedData/a-do-bftrwaswllkyrrgwbkjoeerjxfwv/Build/Intermediates.noindex/a-do.build/Debug-iphonesimulator/a-do\ WidgetExtension.build/a-do\ WidgetExtension-generated-files.hmap

WriteAuxiliaryFile /Users/ahmadhamilton/Library/Developer/Xcode/DerivedData/a-do-bftrwaswllkyrrgwbkjoeerjxfwv/Build/Intermediates.noindex/a-do.build/Debug-iphonesimulator/a-do\ WidgetExtension.build/a-do\ WidgetExtension-own-target-headers.hmap (in target 'a-do WidgetExtension' from project 'a-do')
    cd /Users/ahmadhamilton/Documents/GitHub/Remember
    write-file /Users/ahmadhamilton/Library/Developer/Xcode/DerivedData/a-do-bftrwaswllkyrrgwbkjoeerjxfwv/Build/Intermediates.noindex/a-do.build/Debug-iphonesimulator/a-do\ WidgetExtension.build/a-do\ WidgetExtension-own-target-headers.hmap

WriteAuxiliaryFile /Users/ahmadhamilton/Library/Developer/Xcode/DerivedData/a-do-bftrwaswllkyrrgwbkjoeerjxfwv/Build/Intermediates.noindex/a-do.build/Debug-iphonesimulator/a-do\ WidgetExtension.build/a-do\ WidgetExtension.DependencyMetadataFileList (in target 'a-do WidgetExtension' from project 'a-do')
    cd /Users/ahmadhamilton/Documents/GitHub/Remember
    write-file /Users/ahmadhamilton/Library/Developer/Xcode/DerivedData/a-do-bftrwaswllkyrrgwbkjoeerjxfwv/Build/Intermediates.noindex/a-do.build/Debug-iphonesimulator/a-do\ WidgetExtension.build/a-do\ WidgetExtension.DependencyMetadataFileList

WriteAuxiliaryFile /Users/ahmadhamilton/Library/Developer/Xcode/DerivedData/a-do-bftrwaswllkyrrgwbkjoeerjxfwv/Build/Intermediates.noindex/a-do.build/Debug-iphonesimulator/a-do\ WidgetExtension.build/a-do\ WidgetExtension-all-non-framework-target-headers.hmap (in target 'a-do WidgetExtension' from project 'a-do')
    cd /Users/ahmadhamilton/Documents/GitHub/Remember
    write-file /Users/ahmadhamilton/Library/Developer/Xcode/DerivedData/a-do-bftrwaswllkyrrgwbkjoeerjxfwv/Build/Intermediates.noindex/a-do.build/Debug-iphonesimulator/a-do\ WidgetExtension.build/a-do\ WidgetExtension-all-non-framework-target-headers.hmap

WriteAuxiliaryFile /Users/ahmadhamilton/Library/Developer/Xcode/DerivedData/a-do-bftrwaswllkyrrgwbkjoeerjxfwv/Build/Intermediates.noindex/a-do.build/Debug-iphonesimulator/a-do\ WidgetExtension.build/a-do\ WidgetExtension-DebugDylibPath-normal-arm64.txt (in target 'a-do WidgetExtension' from project 'a-do')
    cd /Users/ahmadhamilton/Documents/GitHub/Remember
    write-file /Users/ahmadhamilton/Library/Developer/Xcode/DerivedData/a-do-bftrwaswllkyrrgwbkjoeerjxfwv/Build/Intermediates.noindex/a-do.build/Debug-iphonesimulator/a-do\ WidgetExtension.build/a-do\ WidgetExtension-DebugDylibPath-normal-arm64.txt

WriteAuxiliaryFile /Users/ahmadhamilton/Library/Developer/Xcode/DerivedData/a-do-bftrwaswllkyrrgwbkjoeerjxfwv/Build/Intermediates.noindex/a-do.build/Debug-iphonesimulator/a-do\ WidgetExtension.build/a-do\ WidgetExtension-DebugDylibInstallName-normal-arm64.txt (in target 'a-do WidgetExtension' from project 'a-do')
    cd /Users/ahmadhamilton/Documents/GitHub/Remember
    write-file /Users/ahmadhamilton/Library/Developer/Xcode/DerivedData/a-do-bftrwaswllkyrrgwbkjoeerjxfwv/Build/Intermediates.noindex/a-do.build/Debug-iphonesimulator/a-do\ WidgetExtension.build/a-do\ WidgetExtension-DebugDylibInstallName-normal-arm64.txt

WriteAuxiliaryFile /Users/ahmadhamilton/Library/Developer/Xcode/DerivedData/a-do-bftrwaswllkyrrgwbkjoeerjxfwv/Build/Intermediates.noindex/a-do.build/Debug-iphonesimulator/a-do\ WidgetExtension.build/a-do\ WidgetExtension-DebugDylibPath-normal-x86_64.txt (in target 'a-do WidgetExtension' from project 'a-do')
    cd /Users/ahmadhamilton/Documents/GitHub/Remember
    write-file /Users/ahmadhamilton/Library/Developer/Xcode/DerivedData/a-do-bftrwaswllkyrrgwbkjoeerjxfwv/Build/Intermediates.noindex/a-do.build/Debug-iphonesimulator/a-do\ WidgetExtension.build/a-do\ WidgetExtension-DebugDylibPath-normal-x86_64.txt

WriteAuxiliaryFile /Users/ahmadhamilton/Library/Developer/Xcode/DerivedData/a-do-bftrwaswllkyrrgwbkjoeerjxfwv/Build/Intermediates.noindex/a-do.build/Debug-iphonesimulator/a-do\ WidgetExtension.build/a-do\ WidgetExtension-DebugDylibInstallName-normal-x86_64.txt (in target 'a-do WidgetExtension' from project 'a-do')
    cd /Users/ahmadhamilton/Documents/GitHub/Remember
    write-file /Users/ahmadhamilton/Library/Developer/Xcode/DerivedData/a-do-bftrwaswllkyrrgwbkjoeerjxfwv/Build/Intermediates.noindex/a-do.build/Debug-iphonesimulator/a-do\ WidgetExtension.build/a-do\ WidgetExtension-DebugDylibInstallName-normal-x86_64.txt

WriteAuxiliaryFile /Users/ahmadhamilton/Library/Developer/Xcode/DerivedData/a-do-bftrwaswllkyrrgwbkjoeerjxfwv/Build/Intermediates.noindex/a-do.build/Debug-iphonesimulator/a-do\ WidgetExtension.build/a-do\ WidgetExtension-all-target-headers.hmap (in target 'a-do WidgetExtension' from project 'a-do')
    cd /Users/ahmadhamilton/Documents/GitHub/Remember
    write-file /Users/ahmadhamilton/Library/Developer/Xcode/DerivedData/a-do-bftrwaswllkyrrgwbkjoeerjxfwv/Build/Intermediates.noindex/a-do.build/Debug-iphonesimulator/a-do\ WidgetExtension.build/a-do\ WidgetExtension-all-target-headers.hmap

WriteAuxiliaryFile /Users/ahmadhamilton/Library/Developer/Xcode/DerivedData/a-do-bftrwaswllkyrrgwbkjoeerjxfwv/Build/Intermediates.noindex/a-do.build/Debug-iphonesimulator/a-do\ WidgetExtension.build/a-do\ WidgetExtension-DebugEntryPoint-normal-x86_64.txt (in target 'a-do WidgetExtension' from project 'a-do')
    cd /Users/ahmadhamilton/Documents/GitHub/Remember
    write-file /Users/ahmadhamilton/Library/Developer/Xcode/DerivedData/a-do-bftrwaswllkyrrgwbkjoeerjxfwv/Build/Intermediates.noindex/a-do.build/Debug-iphonesimulator/a-do\ WidgetExtension.build/a-do\ WidgetExtension-DebugEntryPoint-normal-x86_64.txt

WriteAuxiliaryFile /Users/ahmadhamilton/Library/Developer/Xcode/DerivedData/a-do-bftrwaswllkyrrgwbkjoeerjxfwv/Build/Intermediates.noindex/a-do.build/Debug-iphonesimulator/a-do\ WidgetExtension.build/a-do\ WidgetExtension-DebugEntryPoint-normal-arm64.txt (in target 'a-do WidgetExtension' from project 'a-do')
    cd /Users/ahmadhamilton/Documents/GitHub/Remember
    write-file /Users/ahmadhamilton/Library/Developer/Xcode/DerivedData/a-do-bftrwaswllkyrrgwbkjoeerjxfwv/Build/Intermediates.noindex/a-do.build/Debug-iphonesimulator/a-do\ WidgetExtension.build/a-do\ WidgetExtension-DebugEntryPoint-normal-arm64.txt

WriteAuxiliaryFile /Users/ahmadhamilton/Library/Developer/Xcode/DerivedData/a-do-bftrwaswllkyrrgwbkjoeerjxfwv/Build/Intermediates.noindex/a-do.build/Debug-iphonesimulator/a-do\ WidgetExtension.build/Objects-normal/x86_64/a-do\ WidgetExtension_const_extract_protocols.json (in target 'a-do WidgetExtension' from project 'a-do')
    cd /Users/ahmadhamilton/Documents/GitHub/Remember
    write-file /Users/ahmadhamilton/Library/Developer/Xcode/DerivedData/a-do-bftrwaswllkyrrgwbkjoeerjxfwv/Build/Intermediates.noindex/a-do.build/Debug-iphonesimulator/a-do\ WidgetExtension.build/Objects-normal/x86_64/a-do\ WidgetExtension_const_extract_protocols.json

WriteAuxiliaryFile /Users/ahmadhamilton/Library/Developer/Xcode/DerivedData/a-do-bftrwaswllkyrrgwbkjoeerjxfwv/Build/Intermediates.noindex/a-do.build/Debug-iphonesimulator/a-do\ WidgetExtension.build/Objects-normal/x86_64/a-do\ WidgetExtension.SwiftFileList (in target 'a-do WidgetExtension' from project 'a-do')
    cd /Users/ahmadhamilton/Documents/GitHub/Remember
    write-file /Users/ahmadhamilton/Library/Developer/Xcode/DerivedData/a-do-bftrwaswllkyrrgwbkjoeerjxfwv/Build/Intermediates.noindex/a-do.build/Debug-iphonesimulator/a-do\ WidgetExtension.build/Objects-normal/x86_64/a-do\ WidgetExtension.SwiftFileList

WriteAuxiliaryFile /Users/ahmadhamilton/Library/Developer/Xcode/DerivedData/a-do-bftrwaswllkyrrgwbkjoeerjxfwv/Build/Intermediates.noindex/a-do.build/Debug-iphonesimulator/a-do\ WidgetExtension.build/Objects-normal/x86_64/a-do\ WidgetExtension.SwiftConstValuesFileList (in target 'a-do WidgetExtension' from project 'a-do')
    cd /Users/ahmadhamilton/Documents/GitHub/Remember
    write-file /Users/ahmadhamilton/Library/Developer/Xcode/DerivedData/a-do-bftrwaswllkyrrgwbkjoeerjxfwv/Build/Intermediates.noindex/a-do.build/Debug-iphonesimulator/a-do\ WidgetExtension.build/Objects-normal/x86_64/a-do\ WidgetExtension.SwiftConstValuesFileList

WriteAuxiliaryFile /Users/ahmadhamilton/Library/Developer/Xcode/DerivedData/a-do-bftrwaswllkyrrgwbkjoeerjxfwv/Build/Intermediates.noindex/a-do.build/Debug-iphonesimulator/a-do\ WidgetExtension.build/Objects-normal/x86_64/a-do\ WidgetExtension.LinkFileList (in target 'a-do WidgetExtension' from project 'a-do')
    cd /Users/ahmadhamilton/Documents/GitHub/Remember
    write-file /Users/ahmadhamilton/Library/Developer/Xcode/DerivedData/a-do-bftrwaswllkyrrgwbkjoeerjxfwv/Build/Intermediates.noindex/a-do.build/Debug-iphonesimulator/a-do\ WidgetExtension.build/Objects-normal/x86_64/a-do\ WidgetExtension.LinkFileList

WriteAuxiliaryFile /Users/ahmadhamilton/Library/Developer/Xcode/DerivedData/a-do-bftrwaswllkyrrgwbkjoeerjxfwv/Build/Intermediates.noindex/a-do.build/Debug-iphonesimulator/a-do\ WidgetExtension.build/Objects-normal/x86_64/a-do\ WidgetExtension-OutputFileMap.json (in target 'a-do WidgetExtension' from project 'a-do')
    cd /Users/ahmadhamilton/Documents/GitHub/Remember
    write-file /Users/ahmadhamilton/Library/Developer/Xcode/DerivedData/a-do-bftrwaswllkyrrgwbkjoeerjxfwv/Build/Intermediates.noindex/a-do.build/Debug-iphonesimulator/a-do\ WidgetExtension.build/Objects-normal/x86_64/a-do\ WidgetExtension-OutputFileMap.json

WriteAuxiliaryFile /Users/ahmadhamilton/Library/Developer/Xcode/DerivedData/a-do-bftrwaswllkyrrgwbkjoeerjxfwv/Build/Intermediates.noindex/a-do.build/Debug-iphonesimulator/a-do\ WidgetExtension.build/Objects-normal/arm64/a-do\ WidgetExtension_const_extract_protocols.json (in target 'a-do WidgetExtension' from project 'a-do')
    cd /Users/ahmadhamilton/Documents/GitHub/Remember
    write-file /Users/ahmadhamilton/Library/Developer/Xcode/DerivedData/a-do-bftrwaswllkyrrgwbkjoeerjxfwv/Build/Intermediates.noindex/a-do.build/Debug-iphonesimulator/a-do\ WidgetExtension.build/Objects-normal/arm64/a-do\ WidgetExtension_const_extract_protocols.json

WriteAuxiliaryFile /Users/ahmadhamilton/Library/Developer/Xcode/DerivedData/a-do-bftrwaswllkyrrgwbkjoeerjxfwv/Build/Intermediates.noindex/a-do.build/Debug-iphonesimulator/a-do\ WidgetExtension.build/Objects-normal/arm64/a-do\ WidgetExtension.SwiftFileList (in target 'a-do WidgetExtension' from project 'a-do')
    cd /Users/ahmadhamilton/Documents/GitHub/Remember
    write-file /Users/ahmadhamilton/Library/Developer/Xcode/DerivedData/a-do-bftrwaswllkyrrgwbkjoeerjxfwv/Build/Intermediates.noindex/a-do.build/Debug-iphonesimulator/a-do\ WidgetExtension.build/Objects-normal/arm64/a-do\ WidgetExtension.SwiftFileList

WriteAuxiliaryFile /Users/ahmadhamilton/Library/Developer/Xcode/DerivedData/a-do-bftrwaswllkyrrgwbkjoeerjxfwv/Build/Intermediates.noindex/a-do.build/Debug-iphonesimulator/a-do\ WidgetExtension.build/Objects-normal/arm64/a-do\ WidgetExtension.SwiftConstValuesFileList (in target 'a-do WidgetExtension' from project 'a-do')
    cd /Users/ahmadhamilton/Documents/GitHub/Remember
    write-file /Users/ahmadhamilton/Library/Developer/Xcode/DerivedData/a-do-bftrwaswllkyrrgwbkjoeerjxfwv/Build/Intermediates.noindex/a-do.build/Debug-iphonesimulator/a-do\ WidgetExtension.build/Objects-normal/arm64/a-do\ WidgetExtension.SwiftConstValuesFileList

WriteAuxiliaryFile /Users/ahmadhamilton/Library/Developer/Xcode/DerivedData/a-do-bftrwaswllkyrrgwbkjoeerjxfwv/Build/Intermediates.noindex/a-do.build/Debug-iphonesimulator/a-do\ WidgetExtension.build/Objects-normal/arm64/a-do\ WidgetExtension.LinkFileList (in target 'a-do WidgetExtension' from project 'a-do')
    cd /Users/ahmadhamilton/Documents/GitHub/Remember
    write-file /Users/ahmadhamilton/Library/Developer/Xcode/DerivedData/a-do-bftrwaswllkyrrgwbkjoeerjxfwv/Build/Intermediates.noindex/a-do.build/Debug-iphonesimulator/a-do\ WidgetExtension.build/Objects-normal/arm64/a-do\ WidgetExtension.LinkFileList

WriteAuxiliaryFile /Users/ahmadhamilton/Library/Developer/Xcode/DerivedData/a-do-bftrwaswllkyrrgwbkjoeerjxfwv/Build/Intermediates.noindex/a-do.build/Debug-iphonesimulator/a-do\ WidgetExtension.build/Objects-normal/arm64/a-do\ WidgetExtension-OutputFileMap.json (in target 'a-do WidgetExtension' from project 'a-do')
    cd /Users/ahmadhamilton/Documents/GitHub/Remember
    write-file /Users/ahmadhamilton/Library/Developer/Xcode/DerivedData/a-do-bftrwaswllkyrrgwbkjoeerjxfwv/Build/Intermediates.noindex/a-do.build/Debug-iphonesimulator/a-do\ WidgetExtension.build/Objects-normal/arm64/a-do\ WidgetExtension-OutputFileMap.json

MkDir /Users/ahmadhamilton/Library/Developer/Xcode/DerivedData/a-do-bftrwaswllkyrrgwbkjoeerjxfwv/Build/Products/Debug-iphonesimulator/a-do.app (in target 'a-do' from project 'a-do')
    cd /Users/ahmadhamilton/Documents/GitHub/Remember
    /bin/mkdir -p /Users/ahmadhamilton/Library/Developer/Xcode/DerivedData/a-do-bftrwaswllkyrrgwbkjoeerjxfwv/Build/Products/Debug-iphonesimulator/a-do.app

MkDir /Users/ahmadhamilton/Library/Developer/Xcode/DerivedData/a-do-bftrwaswllkyrrgwbkjoeerjxfwv/Build/Products/Debug-iphonesimulator/a-do\ WidgetExtension.appex (in target 'a-do WidgetExtension' from project 'a-do')
    cd /Users/ahmadhamilton/Documents/GitHub/Remember
    /bin/mkdir -p /Users/ahmadhamilton/Library/Developer/Xcode/DerivedData/a-do-bftrwaswllkyrrgwbkjoeerjxfwv/Build/Products/Debug-iphonesimulator/a-do\ WidgetExtension.appex

MkDir /Users/ahmadhamilton/Library/Developer/Xcode/DerivedData/a-do-bftrwaswllkyrrgwbkjoeerjxfwv/Build/Products/Debug-iphonesimulator/a-do.app/PlugIns (in target 'a-do' from project 'a-do')
    cd /Users/ahmadhamilton/Documents/GitHub/Remember
    /bin/mkdir -p /Users/ahmadhamilton/Library/Developer/Xcode/DerivedData/a-do-bftrwaswllkyrrgwbkjoeerjxfwv/Build/Products/Debug-iphonesimulator/a-do.app/PlugIns

WriteAuxiliaryFile /Users/ahmadhamilton/Library/Developer/Xcode/DerivedData/a-do-bftrwaswllkyrrgwbkjoeerjxfwv/Build/Intermediates.noindex/a-do.build/Debug-iphonesimulator/a-do\ WidgetExtension.build/DerivedSources/Entitlements-Simulated.plist (in target 'a-do WidgetExtension' from project 'a-do')
    cd /Users/ahmadhamilton/Documents/GitHub/Remember
    write-file /Users/ahmadhamilton/Library/Developer/Xcode/DerivedData/a-do-bftrwaswllkyrrgwbkjoeerjxfwv/Build/Intermediates.noindex/a-do.build/Debug-iphonesimulator/a-do\ WidgetExtension.build/DerivedSources/Entitlements-Simulated.plist

ProcessProductPackaging /Users/ahmadhamilton/Documents/GitHub/Remember/a-do\ WidgetExtension.entitlements /Users/ahmadhamilton/Library/Developer/Xcode/DerivedData/a-do-bftrwaswllkyrrgwbkjoeerjxfwv/Build/Intermediates.noindex/a-do.build/Debug-iphonesimulator/a-do\ WidgetExtension.build/a-do\ WidgetExtension.appex.xcent (in target 'a-do WidgetExtension' from project 'a-do')
    cd /Users/ahmadhamilton/Documents/GitHub/Remember
    
    Entitlements:
    
    {
}
    
    builtin-productPackagingUtility /Users/ahmadhamilton/Documents/GitHub/Remember/a-do\ WidgetExtension.entitlements -entitlements -format xml -o /Users/ahmadhamilton/Library/Developer/Xcode/DerivedData/a-do-bftrwaswllkyrrgwbkjoeerjxfwv/Build/Intermediates.noindex/a-do.build/Debug-iphonesimulator/a-do\ WidgetExtension.build/a-do\ WidgetExtension.appex.xcent

ProcessProductPackaging /Users/ahmadhamilton/Documents/GitHub/Remember/a-do\ WidgetExtension.entitlements /Users/ahmadhamilton/Library/Developer/Xcode/DerivedData/a-do-bftrwaswllkyrrgwbkjoeerjxfwv/Build/Intermediates.noindex/a-do.build/Debug-iphonesimulator/a-do\ WidgetExtension.build/a-do\ WidgetExtension.appex-Simulated.xcent (in target 'a-do WidgetExtension' from project 'a-do')
    cd /Users/ahmadhamilton/Documents/GitHub/Remember
    
    Entitlements:
    
    {
    "application-identifier" = "4ZNP9N3A76.JAMSoft.a-do.a-do-Widget";
    "com.apple.security.application-groups" =     (
        "group.com.ado.app"
    );
}
    
    builtin-productPackagingUtility /Users/ahmadhamilton/Documents/GitHub/Remember/a-do\ WidgetExtension.entitlements -entitlements -format xml -o /Users/ahmadhamilton/Library/Developer/Xcode/DerivedData/a-do-bftrwaswllkyrrgwbkjoeerjxfwv/Build/Intermediates.noindex/a-do.build/Debug-iphonesimulator/a-do\ WidgetExtension.build/a-do\ WidgetExtension.appex-Simulated.xcent

ProcessProductPackagingDER /Users/ahmadhamilton/Library/Developer/Xcode/DerivedData/a-do-bftrwaswllkyrrgwbkjoeerjxfwv/Build/Intermediates.noindex/a-do.build/Debug-iphonesimulator/a-do\ WidgetExtension.build/a-do\ WidgetExtension.appex-Simulated.xcent /Users/ahmadhamilton/Library/Developer/Xcode/DerivedData/a-do-bftrwaswllkyrrgwbkjoeerjxfwv/Build/Intermediates.noindex/a-do.build/Debug-iphonesimulator/a-do\ WidgetExtension.build/a-do\ WidgetExtension.appex-Simulated.xcent.der (in target 'a-do WidgetExtension' from project 'a-do')
    cd /Users/ahmadhamilton/Documents/GitHub/Remember
    /usr/bin/derq query -f xml -i /Users/ahmadhamilton/Library/Developer/Xcode/DerivedData/a-do-bftrwaswllkyrrgwbkjoeerjxfwv/Build/Intermediates.noindex/a-do.build/Debug-iphonesimulator/a-do\ WidgetExtension.build/a-do\ WidgetExtension.appex-Simulated.xcent -o /Users/ahmadhamilton/Library/Developer/Xcode/DerivedData/a-do-bftrwaswllkyrrgwbkjoeerjxfwv/Build/Intermediates.noindex/a-do.build/Debug-iphonesimulator/a-do\ WidgetExtension.build/a-do\ WidgetExtension.appex-Simulated.xcent.der --raw

ProcessProductPackagingDER /Users/ahmadhamilton/Library/Developer/Xcode/DerivedData/a-do-bftrwaswllkyrrgwbkjoeerjxfwv/Build/Intermediates.noindex/a-do.build/Debug-iphonesimulator/a-do\ WidgetExtension.build/a-do\ WidgetExtension.appex.xcent /Users/ahmadhamilton/Library/Developer/Xcode/DerivedData/a-do-bftrwaswllkyrrgwbkjoeerjxfwv/Build/Intermediates.noindex/a-do.build/Debug-iphonesimulator/a-do\ WidgetExtension.build/a-do\ WidgetExtension.appex.xcent.der (in target 'a-do WidgetExtension' from project 'a-do')
    cd /Users/ahmadhamilton/Documents/GitHub/Remember
    /usr/bin/derq query -f xml -i /Users/ahmadhamilton/Library/Developer/Xcode/DerivedData/a-do-bftrwaswllkyrrgwbkjoeerjxfwv/Build/Intermediates.noindex/a-do.build/Debug-iphonesimulator/a-do\ WidgetExtension.build/a-do\ WidgetExtension.appex.xcent -o /Users/ahmadhamilton/Library/Developer/Xcode/DerivedData/a-do-bftrwaswllkyrrgwbkjoeerjxfwv/Build/Intermediates.noindex/a-do.build/Debug-iphonesimulator/a-do\ WidgetExtension.build/a-do\ WidgetExtension.appex.xcent.der --raw

ProcessInfoPlistFile /Users/ahmadhamilton/Library/Developer/Xcode/DerivedData/a-do-bftrwaswllkyrrgwbkjoeerjxfwv/Build/Products/Debug-iphonesimulator/a-do\ WidgetExtension.appex/Info.plist /Users/ahmadhamilton/Documents/GitHub/Remember/a-do_Widget/Info.plist (in target 'a-do WidgetExtension' from project 'a-do')
    cd /Users/ahmadhamilton/Documents/GitHub/Remember
    builtin-infoPlistUtility /Users/ahmadhamilton/Documents/GitHub/Remember/a-do_Widget/Info.plist -producttype com.apple.product-type.app-extension -expandbuildsettings -format binary -platform iphonesimulator -o /Users/ahmadhamilton/Library/Developer/Xcode/DerivedData/a-do-bftrwaswllkyrrgwbkjoeerjxfwv/Build/Products/Debug-iphonesimulator/a-do\ WidgetExtension.appex/Info.plist

Ld /Users/ahmadhamilton/Library/Developer/Xcode/DerivedData/a-do-bftrwaswllkyrrgwbkjoeerjxfwv/Build/Intermediates.noindex/a-do.build/Debug-iphonesimulator/a-do\ WidgetExtension.build/Objects-normal/arm64/Binary/__preview.dylib normal arm64 (in target 'a-do WidgetExtension' from project 'a-do')
    cd /Users/ahmadhamilton/Documents/GitHub/Remember
    /Applications/Xcode.app/Contents/Developer/Toolchains/XcodeDefault.xctoolchain/usr/bin/clang -Xlinker -reproducible -target arm64-apple-ios26.0-simulator -dynamiclib -isysroot /Applications/Xcode.app/Contents/Developer/Platforms/iPhoneSimulator.platform/Developer/SDKs/iPhoneSimulator26.0.sdk -O0 -L/Users/ahmadhamilton/Library/Developer/Xcode/DerivedData/a-do-bftrwaswllkyrrgwbkjoeerjxfwv/Build/Products/Debug-iphonesimulator -F/Users/ahmadhamilton/Library/Developer/Xcode/DerivedData/a-do-bftrwaswllkyrrgwbkjoeerjxfwv/Build/Products/Debug-iphonesimulator -install_name @rpath/a-do\ WidgetExtension.debug.dylib -dead_strip -rdynamic -Xlinker -no_deduplicate -Xlinker -objc_abi_version -Xlinker 2 -Xlinker -dependency_info -Xlinker /Users/ahmadhamilton/Library/Developer/Xcode/DerivedData/a-do-bftrwaswllkyrrgwbkjoeerjxfwv/Build/Intermediates.noindex/a-do.build/Debug-iphonesimulator/a-do\ WidgetExtension.build/Objects-normal/arm64/a-do\ WidgetExtension_dependency_info.dat -Xlinker -sectcreate -Xlinker __TEXT -Xlinker __entitlements -Xlinker /Users/ahmadhamilton/Library/Developer/Xcode/DerivedData/a-do-bftrwaswllkyrrgwbkjoeerjxfwv/Build/Intermediates.noindex/a-do.build/Debug-iphonesimulator/a-do\ WidgetExtension.build/a-do\ WidgetExtension.appex-Simulated.xcent -Xlinker -sectcreate -Xlinker __TEXT -Xlinker __ents_der -Xlinker /Users/ahmadhamilton/Library/Developer/Xcode/DerivedData/a-do-bftrwaswllkyrrgwbkjoeerjxfwv/Build/Intermediates.noindex/a-do.build/Debug-iphonesimulator/a-do\ WidgetExtension.build/a-do\ WidgetExtension.appex-Simulated.xcent.der -Xlinker -no_adhoc_codesign -o /Users/ahmadhamilton/Library/Developer/Xcode/DerivedData/a-do-bftrwaswllkyrrgwbkjoeerjxfwv/Build/Intermediates.noindex/a-do.build/Debug-iphonesimulator/a-do\ WidgetExtension.build/Objects-normal/arm64/Binary/__preview.dylib

Ld /Users/ahmadhamilton/Library/Developer/Xcode/DerivedData/a-do-bftrwaswllkyrrgwbkjoeerjxfwv/Build/Intermediates.noindex/a-do.build/Debug-iphonesimulator/a-do\ WidgetExtension.build/Objects-normal/x86_64/Binary/__preview.dylib normal x86_64 (in target 'a-do WidgetExtension' from project 'a-do')
    cd /Users/ahmadhamilton/Documents/GitHub/Remember
    /Applications/Xcode.app/Contents/Developer/Toolchains/XcodeDefault.xctoolchain/usr/bin/clang -Xlinker -reproducible -target x86_64-apple-ios26.0-simulator -dynamiclib -isysroot /Applications/Xcode.app/Contents/Developer/Platforms/iPhoneSimulator.platform/Developer/SDKs/iPhoneSimulator26.0.sdk -O0 -L/Users/ahmadhamilton/Library/Developer/Xcode/DerivedData/a-do-bftrwaswllkyrrgwbkjoeerjxfwv/Build/Products/Debug-iphonesimulator -F/Users/ahmadhamilton/Library/Developer/Xcode/DerivedData/a-do-bftrwaswllkyrrgwbkjoeerjxfwv/Build/Products/Debug-iphonesimulator -install_name @rpath/a-do\ WidgetExtension.debug.dylib -dead_strip -rdynamic -Xlinker -no_deduplicate -Xlinker -objc_abi_version -Xlinker 2 -Xlinker -dependency_info -Xlinker /Users/ahmadhamilton/Library/Developer/Xcode/DerivedData/a-do-bftrwaswllkyrrgwbkjoeerjxfwv/Build/Intermediates.noindex/a-do.build/Debug-iphonesimulator/a-do\ WidgetExtension.build/Objects-normal/x86_64/a-do\ WidgetExtension_dependency_info.dat -Xlinker -sectcreate -Xlinker __TEXT -Xlinker __entitlements -Xlinker /Users/ahmadhamilton/Library/Developer/Xcode/DerivedData/a-do-bftrwaswllkyrrgwbkjoeerjxfwv/Build/Intermediates.noindex/a-do.build/Debug-iphonesimulator/a-do\ WidgetExtension.build/a-do\ WidgetExtension.appex-Simulated.xcent -Xlinker -sectcreate -Xlinker __TEXT -Xlinker __ents_der -Xlinker /Users/ahmadhamilton/Library/Developer/Xcode/DerivedData/a-do-bftrwaswllkyrrgwbkjoeerjxfwv/Build/Intermediates.noindex/a-do.build/Debug-iphonesimulator/a-do\ WidgetExtension.build/a-do\ WidgetExtension.appex-Simulated.xcent.der -Xlinker -no_adhoc_codesign -o /Users/ahmadhamilton/Library/Developer/Xcode/DerivedData/a-do-bftrwaswllkyrrgwbkjoeerjxfwv/Build/Intermediates.noindex/a-do.build/Debug-iphonesimulator/a-do\ WidgetExtension.build/Objects-normal/x86_64/Binary/__preview.dylib

CreateUniversalBinary /Users/ahmadhamilton/Library/Developer/Xcode/DerivedData/a-do-bftrwaswllkyrrgwbkjoeerjxfwv/Build/Products/Debug-iphonesimulator/a-do\ WidgetExtension.appex/__preview.dylib normal arm64\ x86_64 (in target 'a-do WidgetExtension' from project 'a-do')
    cd /Users/ahmadhamilton/Documents/GitHub/Remember
    /Applications/Xcode.app/Contents/Developer/Toolchains/XcodeDefault.xctoolchain/usr/bin/lipo -create /Users/ahmadhamilton/Library/Developer/Xcode/DerivedData/a-do-bftrwaswllkyrrgwbkjoeerjxfwv/Build/Intermediates.noindex/a-do.build/Debug-iphonesimulator/a-do\ WidgetExtension.build/Objects-normal/arm64/Binary/__preview.dylib /Users/ahmadhamilton/Library/Developer/Xcode/DerivedData/a-do-bftrwaswllkyrrgwbkjoeerjxfwv/Build/Intermediates.noindex/a-do.build/Debug-iphonesimulator/a-do\ WidgetExtension.build/Objects-normal/x86_64/Binary/__preview.dylib -output /Users/ahmadhamilton/Library/Developer/Xcode/DerivedData/a-do-bftrwaswllkyrrgwbkjoeerjxfwv/Build/Products/Debug-iphonesimulator/a-do\ WidgetExtension.appex/__preview.dylib

SwiftDriver a-do\ WidgetExtension normal arm64 com.apple.xcode.tools.swift.compiler (in target 'a-do WidgetExtension' from project 'a-do')
    cd /Users/ahmadhamilton/Documents/GitHub/Remember
    builtin-SwiftDriver -- /Applications/Xcode.app/Contents/Developer/Toolchains/XcodeDefault.xctoolchain/usr/bin/swiftc -module-name a_do_WidgetExtension -Onone -enforce-exclusivity\=checked @/Users/ahmadhamilton/Library/Developer/Xcode/DerivedData/a-do-bftrwaswllkyrrgwbkjoeerjxfwv/Build/Intermediates.noindex/a-do.build/Debug-iphonesimulator/a-do\ WidgetExtension.build/Objects-normal/arm64/a-do\ WidgetExtension.SwiftFileList -DDEBUG -enable-bare-slash-regex -enable-upcoming-feature DisableOutwardActorInference -enable-upcoming-feature InferSendableFromCaptures -enable-upcoming-feature GlobalActorIsolatedTypesUsability -enable-upcoming-feature MemberImportVisibility -enable-upcoming-feature InferIsolatedConformances -enable-upcoming-feature NonisolatedNonsendingByDefault -enable-experimental-feature DebugDescriptionMacro -sdk /Applications/Xcode.app/Contents/Developer/Platforms/iPhoneSimulator.platform/Developer/SDKs/iPhoneSimulator26.0.sdk -target arm64-apple-ios26.0-simulator -g -module-cache-path /Users/ahmadhamilton/Library/Developer/Xcode/DerivedData/ModuleCache.noindex -Xfrontend -serialize-debugging-options -application-extension -enable-testing -index-store-path /Users/ahmadhamilton/Library/Developer/Xcode/DerivedData/a-do-bftrwaswllkyrrgwbkjoeerjxfwv/Index.noindex/DataStore -Xcc -D_LIBCPP_HARDENING_MODE\=_LIBCPP_HARDENING_MODE_DEBUG -swift-version 5 -I /Users/ahmadhamilton/Library/Developer/Xcode/DerivedData/a-do-bftrwaswllkyrrgwbkjoeerjxfwv/Build/Products/Debug-iphonesimulator -F /Users/ahmadhamilton/Library/Developer/Xcode/DerivedData/a-do-bftrwaswllkyrrgwbkjoeerjxfwv/Build/Products/Debug-iphonesimulator -emit-localized-strings -emit-localized-strings-path /Users/ahmadhamilton/Library/Developer/Xcode/DerivedData/a-do-bftrwaswllkyrrgwbkjoeerjxfwv/Build/Intermediates.noindex/a-do.build/Debug-iphonesimulator/a-do\ WidgetExtension.build/Objects-normal/arm64 -c -j14 -enable-batch-mode -incremental -Xcc -ivfsstatcache -Xcc /Users/ahmadhamilton/Library/Developer/Xcode/DerivedData/SDKStatCaches.noindex/iphonesimulator26.0-23A339-3885c01c3e6b6a337905948deab2002e26257891a6c027eb51374368541b8346.sdkstatcache -output-file-map /Users/ahmadhamilton/Library/Developer/Xcode/DerivedData/a-do-bftrwaswllkyrrgwbkjoeerjxfwv/Build/Intermediates.noindex/a-do.build/Debug-iphonesimulator/a-do\ WidgetExtension.build/Objects-normal/arm64/a-do\ WidgetExtension-OutputFileMap.json -use-frontend-parseable-output -save-temps -no-color-diagnostics -explicit-module-build -module-cache-path /Users/ahmadhamilton/Library/Developer/Xcode/DerivedData/a-do-bftrwaswllkyrrgwbkjoeerjxfwv/Build/Intermediates.noindex/SwiftExplicitPrecompiledModules -clang-scanner-module-cache-path /Users/ahmadhamilton/Library/Developer/Xcode/DerivedData/ModuleCache.noindex -sdk-module-cache-path /Users/ahmadhamilton/Library/Developer/Xcode/DerivedData/ModuleCache.noindex -serialize-diagnostics -emit-dependencies -emit-module -emit-module-path /Users/ahmadhamilton/Library/Developer/Xcode/DerivedData/a-do-bftrwaswllkyrrgwbkjoeerjxfwv/Build/Intermediates.noindex/a-do.build/Debug-iphonesimulator/a-do\ WidgetExtension.build/Objects-normal/arm64/a_do_WidgetExtension.swiftmodule -validate-clang-modules-once -clang-build-session-file /Users/ahmadhamilton/Library/Developer/Xcode/DerivedData/ModuleCache.noindex/Session.modulevalidation -Xcc -I/Users/ahmadhamilton/Library/Developer/Xcode/DerivedData/a-do-bftrwaswllkyrrgwbkjoeerjxfwv/Build/Intermediates.noindex/a-do.build/Debug-iphonesimulator/a-do\ WidgetExtension.build/swift-overrides.hmap -emit-const-values -Xfrontend -const-gather-protocols-file -Xfrontend /Users/ahmadhamilton/Library/Developer/Xcode/DerivedData/a-do-bftrwaswllkyrrgwbkjoeerjxfwv/Build/Intermediates.noindex/a-do.build/Debug-iphonesimulator/a-do\ WidgetExtension.build/Objects-normal/arm64/a-do\ WidgetExtension_const_extract_protocols.json -Xcc -iquote -Xcc /Users/ahmadhamilton/Library/Developer/Xcode/DerivedData/a-do-bftrwaswllkyrrgwbkjoeerjxfwv/Build/Intermediates.noindex/a-do.build/Debug-iphonesimulator/a-do\ WidgetExtension.build/a-do\ WidgetExtension-generated-files.hmap -Xcc -I/Users/ahmadhamilton/Library/Developer/Xcode/DerivedData/a-do-bftrwaswllkyrrgwbkjoeerjxfwv/Build/Intermediates.noindex/a-do.build/Debug-iphonesimulator/a-do\ WidgetExtension.build/a-do\ WidgetExtension-own-target-headers.hmap -Xcc -I/Users/ahmadhamilton/Library/Developer/Xcode/DerivedData/a-do-bftrwaswllkyrrgwbkjoeerjxfwv/Build/Intermediates.noindex/a-do.build/Debug-iphonesimulator/a-do\ WidgetExtension.build/a-do\ WidgetExtension-all-target-headers.hmap -Xcc -iquote -Xcc /Users/ahmadhamilton/Library/Developer/Xcode/DerivedData/a-do-bftrwaswllkyrrgwbkjoeerjxfwv/Build/Intermediates.noindex/a-do.build/Debug-iphonesimulator/a-do\ WidgetExtension.build/a-do\ WidgetExtension-project-headers.hmap -Xcc -I/Users/ahmadhamilton/Library/Developer/Xcode/DerivedData/a-do-bftrwaswllkyrrgwbkjoeerjxfwv/Build/Products/Debug-iphonesimulator/include -Xcc -I/Users/ahmadhamilton/Library/Developer/Xcode/DerivedData/a-do-bftrwaswllkyrrgwbkjoeerjxfwv/Build/Intermediates.noindex/a-do.build/Debug-iphonesimulator/a-do\ WidgetExtension.build/DerivedSources-normal/arm64 -Xcc -I/Users/ahmadhamilton/Library/Developer/Xcode/DerivedData/a-do-bftrwaswllkyrrgwbkjoeerjxfwv/Build/Intermediates.noindex/a-do.build/Debug-iphonesimulator/a-do\ WidgetExtension.build/DerivedSources/arm64 -Xcc -I/Users/ahmadhamilton/Library/Developer/Xcode/DerivedData/a-do-bftrwaswllkyrrgwbkjoeerjxfwv/Build/Intermediates.noindex/a-do.build/Debug-iphonesimulator/a-do\ WidgetExtension.build/DerivedSources -Xcc -DDEBUG\=1 -emit-objc-header -emit-objc-header-path /Users/ahmadhamilton/Library/Developer/Xcode/DerivedData/a-do-bftrwaswllkyrrgwbkjoeerjxfwv/Build/Intermediates.noindex/a-do.build/Debug-iphonesimulator/a-do\ WidgetExtension.build/Objects-normal/arm64/a_do_WidgetExtension-Swift.h -working-directory /Users/ahmadhamilton/Documents/GitHub/Remember -experimental-emit-module-separately -disable-cmo

SwiftDriver a-do\ WidgetExtension normal x86_64 com.apple.xcode.tools.swift.compiler (in target 'a-do WidgetExtension' from project 'a-do')
    cd /Users/ahmadhamilton/Documents/GitHub/Remember
    builtin-SwiftDriver -- /Applications/Xcode.app/Contents/Developer/Toolchains/XcodeDefault.xctoolchain/usr/bin/swiftc -module-name a_do_WidgetExtension -Onone -enforce-exclusivity\=checked @/Users/ahmadhamilton/Library/Developer/Xcode/DerivedData/a-do-bftrwaswllkyrrgwbkjoeerjxfwv/Build/Intermediates.noindex/a-do.build/Debug-iphonesimulator/a-do\ WidgetExtension.build/Objects-normal/x86_64/a-do\ WidgetExtension.SwiftFileList -DDEBUG -enable-bare-slash-regex -enable-upcoming-feature DisableOutwardActorInference -enable-upcoming-feature InferSendableFromCaptures -enable-upcoming-feature GlobalActorIsolatedTypesUsability -enable-upcoming-feature MemberImportVisibility -enable-upcoming-feature InferIsolatedConformances -enable-upcoming-feature NonisolatedNonsendingByDefault -enable-experimental-feature DebugDescriptionMacro -sdk /Applications/Xcode.app/Contents/Developer/Platforms/iPhoneSimulator.platform/Developer/SDKs/iPhoneSimulator26.0.sdk -target x86_64-apple-ios26.0-simulator -g -module-cache-path /Users/ahmadhamilton/Library/Developer/Xcode/DerivedData/ModuleCache.noindex -Xfrontend -serialize-debugging-options -application-extension -enable-testing -index-store-path /Users/ahmadhamilton/Library/Developer/Xcode/DerivedData/a-do-bftrwaswllkyrrgwbkjoeerjxfwv/Index.noindex/DataStore -Xcc -D_LIBCPP_HARDENING_MODE\=_LIBCPP_HARDENING_MODE_DEBUG -swift-version 5 -I /Users/ahmadhamilton/Library/Developer/Xcode/DerivedData/a-do-bftrwaswllkyrrgwbkjoeerjxfwv/Build/Products/Debug-iphonesimulator -F /Users/ahmadhamilton/Library/Developer/Xcode/DerivedData/a-do-bftrwaswllkyrrgwbkjoeerjxfwv/Build/Products/Debug-iphonesimulator -emit-localized-strings -emit-localized-strings-path /Users/ahmadhamilton/Library/Developer/Xcode/DerivedData/a-do-bftrwaswllkyrrgwbkjoeerjxfwv/Build/Intermediates.noindex/a-do.build/Debug-iphonesimulator/a-do\ WidgetExtension.build/Objects-normal/x86_64 -c -j14 -enable-batch-mode -incremental -Xcc -ivfsstatcache -Xcc /Users/ahmadhamilton/Library/Developer/Xcode/DerivedData/SDKStatCaches.noindex/iphonesimulator26.0-23A339-3885c01c3e6b6a337905948deab2002e26257891a6c027eb51374368541b8346.sdkstatcache -output-file-map /Users/ahmadhamilton/Library/Developer/Xcode/DerivedData/a-do-bftrwaswllkyrrgwbkjoeerjxfwv/Build/Intermediates.noindex/a-do.build/Debug-iphonesimulator/a-do\ WidgetExtension.build/Objects-normal/x86_64/a-do\ WidgetExtension-OutputFileMap.json -use-frontend-parseable-output -save-temps -no-color-diagnostics -explicit-module-build -module-cache-path /Users/ahmadhamilton/Library/Developer/Xcode/DerivedData/a-do-bftrwaswllkyrrgwbkjoeerjxfwv/Build/Intermediates.noindex/SwiftExplicitPrecompiledModules -clang-scanner-module-cache-path /Users/ahmadhamilton/Library/Developer/Xcode/DerivedData/ModuleCache.noindex -sdk-module-cache-path /Users/ahmadhamilton/Library/Developer/Xcode/DerivedData/ModuleCache.noindex -serialize-diagnostics -emit-dependencies -emit-module -emit-module-path /Users/ahmadhamilton/Library/Developer/Xcode/DerivedData/a-do-bftrwaswllkyrrgwbkjoeerjxfwv/Build/Intermediates.noindex/a-do.build/Debug-iphonesimulator/a-do\ WidgetExtension.build/Objects-normal/x86_64/a_do_WidgetExtension.swiftmodule -validate-clang-modules-once -clang-build-session-file /Users/ahmadhamilton/Library/Developer/Xcode/DerivedData/ModuleCache.noindex/Session.modulevalidation -Xcc -I/Users/ahmadhamilton/Library/Developer/Xcode/DerivedData/a-do-bftrwaswllkyrrgwbkjoeerjxfwv/Build/Intermediates.noindex/a-do.build/Debug-iphonesimulator/a-do\ WidgetExtension.build/swift-overrides.hmap -emit-const-values -Xfrontend -const-gather-protocols-file -Xfrontend /Users/ahmadhamilton/Library/Developer/Xcode/DerivedData/a-do-bftrwaswllkyrrgwbkjoeerjxfwv/Build/Intermediates.noindex/a-do.build/Debug-iphonesimulator/a-do\ WidgetExtension.build/Objects-normal/x86_64/a-do\ WidgetExtension_const_extract_protocols.json -Xcc -iquote -Xcc /Users/ahmadhamilton/Library/Developer/Xcode/DerivedData/a-do-bftrwaswllkyrrgwbkjoeerjxfwv/Build/Intermediates.noindex/a-do.build/Debug-iphonesimulator/a-do\ WidgetExtension.build/a-do\ WidgetExtension-generated-files.hmap -Xcc -I/Users/ahmadhamilton/Library/Developer/Xcode/DerivedData/a-do-bftrwaswllkyrrgwbkjoeerjxfwv/Build/Intermediates.noindex/a-do.build/Debug-iphonesimulator/a-do\ WidgetExtension.build/a-do\ WidgetExtension-own-target-headers.hmap -Xcc -I/Users/ahmadhamilton/Library/Developer/Xcode/DerivedData/a-do-bftrwaswllkyrrgwbkjoeerjxfwv/Build/Intermediates.noindex/a-do.build/Debug-iphonesimulator/a-do\ WidgetExtension.build/a-do\ WidgetExtension-all-target-headers.hmap -Xcc -iquote -Xcc /Users/ahmadhamilton/Library/Developer/Xcode/DerivedData/a-do-bftrwaswllkyrrgwbkjoeerjxfwv/Build/Intermediates.noindex/a-do.build/Debug-iphonesimulator/a-do\ WidgetExtension.build/a-do\ WidgetExtension-project-headers.hmap -Xcc -I/Users/ahmadhamilton/Library/Developer/Xcode/DerivedData/a-do-bftrwaswllkyrrgwbkjoeerjxfwv/Build/Products/Debug-iphonesimulator/include -Xcc -I/Users/ahmadhamilton/Library/Developer/Xcode/DerivedData/a-do-bftrwaswllkyrrgwbkjoeerjxfwv/Build/Intermediates.noindex/a-do.build/Debug-iphonesimulator/a-do\ WidgetExtension.build/DerivedSources-normal/x86_64 -Xcc -I/Users/ahmadhamilton/Library/Developer/Xcode/DerivedData/a-do-bftrwaswllkyrrgwbkjoeerjxfwv/Build/Intermediates.noindex/a-do.build/Debug-iphonesimulator/a-do\ WidgetExtension.build/DerivedSources/x86_64 -Xcc -I/Users/ahmadhamilton/Library/Developer/Xcode/DerivedData/a-do-bftrwaswllkyrrgwbkjoeerjxfwv/Build/Intermediates.noindex/a-do.build/Debug-iphonesimulator/a-do\ WidgetExtension.build/DerivedSources -Xcc -DDEBUG\=1 -emit-objc-header -emit-objc-header-path /Users/ahmadhamilton/Library/Developer/Xcode/DerivedData/a-do-bftrwaswllkyrrgwbkjoeerjxfwv/Build/Intermediates.noindex/a-do.build/Debug-iphonesimulator/a-do\ WidgetExtension.build/Objects-normal/x86_64/a_do_WidgetExtension-Swift.h -working-directory /Users/ahmadhamilton/Documents/GitHub/Remember -experimental-emit-module-separately -disable-cmo

SwiftCompile normal arm64 Compiling\ EnhancedWidgets.swift /Users/ahmadhamilton/Documents/GitHub/Remember/a-do_Widget/EnhancedWidgets.swift (in target 'a-do WidgetExtension' from project 'a-do')
SwiftCompile normal arm64 /Users/ahmadhamilton/Documents/GitHub/Remember/a-do_Widget/EnhancedWidgets.swift (in target 'a-do WidgetExtension' from project 'a-do')
    cd /Users/ahmadhamilton/Documents/GitHub/Remember
    
2025-10-28 00:48:25.229 xcodebuild[22689:10893317]  DTDKRemoteDeviceConnection: Failed to start remote service "com.apple.mobile.notification_proxy" on device. Error: Error Domain=com.apple.dtdevicekit Code=811 "Failed to start remote service "com.apple.mobile.notification_proxy" on device." UserInfo={NSUnderlyingError=0x9e264c030 {Error Domain=com.apple.dt.MobileDeviceErrorDomain Code=-402653158 "The device is passcode protected." UserInfo={MobileDeviceErrorCode=(0xE800001A), com.apple.dtdevicekit.stacktrace=(
	0   DTDeviceKitBase                     0x000000011f872644 DTDKCreateNSErrorFromAMDErrorCode + 312
	1   DTDeviceKitBase                     0x000000011f87e3c0 __63-[DTDKRemoteDeviceConnection startFirstServiceOf:unlockKeybag:]_block_invoke + 368
	2   DTDeviceKitBase                     0x000000011f87dbc8 __48-[DTDKRemoteDeviceConnection futureWithSession:]_block_invoke_4 + 28
	3   DTDeviceKitBase                     0x000000011f8746b4 __DTDKExecuteInSession_block_invoke_2 + 68
	4   DTDeviceKitBase                     0x000000011f873df4 __DTDKExecuteWithConnection_block_invoke_2 + 216
	5   DTDeviceKitBase                     0x000000011f873cf0 __DTDKExecuteWithConnection_block_invoke + 104
	6   libdispatch.dylib                   0x0000000182c8eac4 _dispatch_client_callout + 16
	7   libdispatch.dylib                   0x0000000182c84d64 _dispatch_sync_invoke_and_complete_recurse + 64
	8   libdispatch.dylib                   0x0000000182c847f4 _dispatch_sync_f_slow + 176
	9   DVTFoundation                       0x000000010ff186cc DVTDispatchBarrierSync + 148
	10  DVTFoundation                       0x000000010ff1982c -[DVTDispatchLock performLockedBlock:] + 60
	11  DTDeviceKitBase                     0x000000011f873bf4 DTDKExecuteWithConnection + 200
	12  DTDeviceKitBase                     0x000000011f874548 DTDKExecuteInSession + 260
	13  DTDeviceKitBase                     0x000000011f87d99c __48-[DTDKRemoteDeviceConnection futureWithSession:]_block_invoke_2 + 204
	14  DVTFoundation                       0x000000010ff17a90 __DVT_CALLING_CLIENT_BLOCK__ + 16
	15  DVTFoundation                       0x000000010ff18410 __DVTDispatchAsync_block_invoke + 152
	16  libdispatch.dylib                   0x0000000182c74b5c _dispatch_call_block_and_release + 32
	17  libdispatch.dylib                   0x0000000182c8eac4 _dispatch_client_callout + 16
	18  libdispatch.dylib                   0x0000000182c7d4e8 _dispatch_lane_serial_drain + 740
	19  libdispatch.dylib                   0x0000000182c7dff8 _dispatch_lane_invoke + 440
	20  libdispatch.dylib                   0x0000000182c88474 _dispatch_root_queue_drain_deferred_wlh + 292
	21  libdispatch.dylib                   0x0000000182c87d6c _dispatch_workloop_worker_thread + 692
	22  libsystem_pthread.dylib             0x0000000182e2de4c _pthread_wqthread + 292
	23  libsystem_pthread.dylib             0x0000000182e2cb9c start_wqthread + 8
), DVTRadarComponentKey=261622, NSLocalizedDescription=The device is passcode protected.}}, NSLocalizedRecoverySuggestion=Please check your connection to your device., DVTRadarComponentKey=261622, NSLocalizedDescription=Failed to start remote service "com.apple.mobile.notification_proxy" on device.}

SwiftEmitModule normal arm64 Emitting\ module\ for\ a_do_WidgetExtension (in target 'a-do WidgetExtension' from project 'a-do')

EmitSwiftModule normal arm64 (in target 'a-do WidgetExtension' from project 'a-do')
    cd /Users/ahmadhamilton/Documents/GitHub/Remember
    

SwiftCompile normal arm64 Compiling\ HabitWidgetBundle.swift /Users/ahmadhamilton/Documents/GitHub/Remember/a-do_Widget/HabitWidgetBundle.swift (in target 'a-do WidgetExtension' from project 'a-do')

SwiftCompile normal arm64 /Users/ahmadhamilton/Documents/GitHub/Remember/a-do_Widget/HabitWidgetBundle.swift (in target 'a-do WidgetExtension' from project 'a-do')
    cd /Users/ahmadhamilton/Documents/GitHub/Remember
    

SwiftCompile normal arm64 Compiling\ HabitWidget.swift /Users/ahmadhamilton/Documents/GitHub/Remember/a-do_Widget/HabitWidget.swift (in target 'a-do WidgetExtension' from project 'a-do')

SwiftCompile normal arm64 /Users/ahmadhamilton/Documents/GitHub/Remember/a-do_Widget/HabitWidget.swift (in target 'a-do WidgetExtension' from project 'a-do')
    cd /Users/ahmadhamilton/Documents/GitHub/Remember
    

SwiftDriverJobDiscovery normal arm64 Compiling HabitWidgetBundle.swift (in target 'a-do WidgetExtension' from project 'a-do')

SwiftCompile normal x86_64 Compiling\ HabitWidgetBundle.swift /Users/ahmadhamilton/Documents/GitHub/Remember/a-do_Widget/HabitWidgetBundle.swift (in target 'a-do WidgetExtension' from project 'a-do')
SwiftCompile normal x86_64 /Users/ahmadhamilton/Documents/GitHub/Remember/a-do_Widget/HabitWidgetBundle.swift (in target 'a-do WidgetExtension' from project 'a-do')
    cd /Users/ahmadhamilton/Documents/GitHub/Remember
    
2025-10-28 00:48:27.116 xcodebuild[22689:10893186]  DTDKRemoteDeviceConnection: Failed to start remote service "com.apple.mobile.notification_proxy" on device. Error: Error Domain=com.apple.dtdevicekit Code=811 "Failed to start remote service "com.apple.mobile.notification_proxy" on device." UserInfo={NSUnderlyingError=0x9e264fb40 {Error Domain=com.apple.dt.MobileDeviceErrorDomain Code=-402653158 "The device is passcode protected." UserInfo={MobileDeviceErrorCode=(0xE800001A), com.apple.dtdevicekit.stacktrace=(
	0   DTDeviceKitBase                     0x000000011f872644 DTDKCreateNSErrorFromAMDErrorCode + 312
	1   DTDeviceKitBase                     0x000000011f87e3c0 __63-[DTDKRemoteDeviceConnection startFirstServiceOf:unlockKeybag:]_block_invoke + 368
	2   DTDeviceKitBase                     0x000000011f87dbc8 __48-[DTDKRemoteDeviceConnection futureWithSession:]_block_invoke_4 + 28
	3   DTDeviceKitBase                     0x000000011f8746b4 __DTDKExecuteInSession_block_invoke_2 + 68
	4   DTDeviceKitBase                     0x000000011f873df4 __DTDKExecuteWithConnection_block_invoke_2 + 216
	5   DTDeviceKitBase                     0x000000011f873cf0 __DTDKExecuteWithConnection_block_invoke + 104
	6   libdispatch.dylib                   0x0000000182c8eac4 _dispatch_client_callout + 16
	7   libdispatch.dylib                   0x0000000182c84940 _dispatch_lane_barrier_sync_invoke_and_complete + 56
	8   DVTFoundation                       0x000000010ff186cc DVTDispatchBarrierSync + 148
	9   DVTFoundation                       0x000000010ff1982c -[DVTDispatchLock performLockedBlock:] + 60
	10  DTDeviceKitBase                     0x000000011f873bf4 DTDKExecuteWithConnection + 200
	11  DTDeviceKitBase                     0x000000011f874548 DTDKExecuteInSession + 260
	12  DTDeviceKitBase                     0x000000011f87d99c __48-[DTDKRemoteDeviceConnection futureWithSession:]_block_invoke_2 + 204
	13  DVTFoundation                       0x000000010ff17a90 __DVT_CALLING_CLIENT_BLOCK__ + 16
	14  DVTFoundation                       0x000000010ff18410 __DVTDispatchAsync_block_invoke + 152
	15  libdispatch.dylib                   0x0000000182c74b5c _dispatch_call_block_and_release + 32
	16  libdispatch.dylib                   0x0000000182c8eac4 _dispatch_client_callout + 16
	17  libdispatch.dylib                   0x0000000182c7d4e8 _dispatch_lane_serial_drain + 740
	18  libdispatch.dylib                   0x0000000182c7dff8 _dispatch_lane_invoke + 440
	19  libdispatch.dylib                   0x0000000182c88474 _dispatch_root_queue_drain_deferred_wlh + 292
	20  libdispatch.dylib                   0x0000000182c87d6c _dispatch_workloop_worker_thread + 692
	21  libsystem_pthread.dylib             0x0000000182e2de4c _pthread_wqthread + 292
	22  libsystem_pthread.dylib             0x0000000182e2cb9c start_wqthread + 8
), DVTRadarComponentKey=261622, NSLocalizedDescription=The device is passcode protected.}}, NSLocalizedRecoverySuggestion=Please check your connection to your device., DVTRadarComponentKey=261622, NSLocalizedDescription=Failed to start remote service "com.apple.mobile.notification_proxy" on device.}

SwiftCompile normal x86_64 Compiling\ HabitWidget.swift /Users/ahmadhamilton/Documents/GitHub/Remember/a-do_Widget/HabitWidget.swift (in target 'a-do WidgetExtension' from project 'a-do')
SwiftCompile normal x86_64 /Users/ahmadhamilton/Documents/GitHub/Remember/a-do_Widget/HabitWidget.swift (in target 'a-do WidgetExtension' from project 'a-do')
    cd /Users/ahmadhamilton/Documents/GitHub/Remember
    

SwiftCompile normal x86_64 Compiling\ EnhancedWidgets.swift /Users/ahmadhamilton/Documents/GitHub/Remember/a-do_Widget/EnhancedWidgets.swift (in target 'a-do WidgetExtension' from project 'a-do')
SwiftCompile normal x86_64 /Users/ahmadhamilton/Documents/GitHub/Remember/a-do_Widget/EnhancedWidgets.swift (in target 'a-do WidgetExtension' from project 'a-do')
    cd /Users/ahmadhamilton/Documents/GitHub/Remember
    

SwiftEmitModule normal x86_64 Emitting\ module\ for\ a_do_WidgetExtension (in target 'a-do WidgetExtension' from project 'a-do')

EmitSwiftModule normal x86_64 (in target 'a-do WidgetExtension' from project 'a-do')
    cd /Users/ahmadhamilton/Documents/GitHub/Remember
    

SwiftDriverJobDiscovery normal arm64 Emitting module for a_do_WidgetExtension (in target 'a-do WidgetExtension' from project 'a-do')

SwiftDriver\ Compilation\ Requirements a-do\ WidgetExtension normal arm64 com.apple.xcode.tools.swift.compiler (in target 'a-do WidgetExtension' from project 'a-do')
    cd /Users/ahmadhamilton/Documents/GitHub/Remember
    builtin-Swift-Compilation-Requirements -- /Applications/Xcode.app/Contents/Developer/Toolchains/XcodeDefault.xctoolchain/usr/bin/swiftc -module-name a_do_WidgetExtension -Onone -enforce-exclusivity\=checked @/Users/ahmadhamilton/Library/Developer/Xcode/DerivedData/a-do-bftrwaswllkyrrgwbkjoeerjxfwv/Build/Intermediates.noindex/a-do.build/Debug-iphonesimulator/a-do\ WidgetExtension.build/Objects-normal/arm64/a-do\ WidgetExtension.SwiftFileList -DDEBUG -enable-bare-slash-regex -enable-upcoming-feature DisableOutwardActorInference -enable-upcoming-feature InferSendableFromCaptures -enable-upcoming-feature GlobalActorIsolatedTypesUsability -enable-upcoming-feature MemberImportVisibility -enable-upcoming-feature InferIsolatedConformances -enable-upcoming-feature NonisolatedNonsendingByDefault -enable-experimental-feature DebugDescriptionMacro -sdk /Applications/Xcode.app/Contents/Developer/Platforms/iPhoneSimulator.platform/Developer/SDKs/iPhoneSimulator26.0.sdk -target arm64-apple-ios26.0-simulator -g -module-cache-path /Users/ahmadhamilton/Library/Developer/Xcode/DerivedData/ModuleCache.noindex -Xfrontend -serialize-debugging-options -application-extension -enable-testing -index-store-path /Users/ahmadhamilton/Library/Developer/Xcode/DerivedData/a-do-bftrwaswllkyrrgwbkjoeerjxfwv/Index.noindex/DataStore -Xcc -D_LIBCPP_HARDENING_MODE\=_LIBCPP_HARDENING_MODE_DEBUG -swift-version 5 -I /Users/ahmadhamilton/Library/Developer/Xcode/DerivedData/a-do-bftrwaswllkyrrgwbkjoeerjxfwv/Build/Products/Debug-iphonesimulator -F /Users/ahmadhamilton/Library/Developer/Xcode/DerivedData/a-do-bftrwaswllkyrrgwbkjoeerjxfwv/Build/Products/Debug-iphonesimulator -emit-localized-strings -emit-localized-strings-path /Users/ahmadhamilton/Library/Developer/Xcode/DerivedData/a-do-bftrwaswllkyrrgwbkjoeerjxfwv/Build/Intermediates.noindex/a-do.build/Debug-iphonesimulator/a-do\ WidgetExtension.build/Objects-normal/arm64 -c -j14 -enable-batch-mode -incremental -Xcc -ivfsstatcache -Xcc /Users/ahmadhamilton/Library/Developer/Xcode/DerivedData/SDKStatCaches.noindex/iphonesimulator26.0-23A339-3885c01c3e6b6a337905948deab2002e26257891a6c027eb51374368541b8346.sdkstatcache -output-file-map /Users/ahmadhamilton/Library/Developer/Xcode/DerivedData/a-do-bftrwaswllkyrrgwbkjoeerjxfwv/Build/Intermediates.noindex/a-do.build/Debug-iphonesimulator/a-do\ WidgetExtension.build/Objects-normal/arm64/a-do\ WidgetExtension-OutputFileMap.json -use-frontend-parseable-output -save-temps -no-color-diagnostics -explicit-module-build -module-cache-path /Users/ahmadhamilton/Library/Developer/Xcode/DerivedData/a-do-bftrwaswllkyrrgwbkjoeerjxfwv/Build/Intermediates.noindex/SwiftExplicitPrecompiledModules -clang-scanner-module-cache-path /Users/ahmadhamilton/Library/Developer/Xcode/DerivedData/ModuleCache.noindex -sdk-module-cache-path /Users/ahmadhamilton/Library/Developer/Xcode/DerivedData/ModuleCache.noindex -serialize-diagnostics -emit-dependencies -emit-module -emit-module-path /Users/ahmadhamilton/Library/Developer/Xcode/DerivedData/a-do-bftrwaswllkyrrgwbkjoeerjxfwv/Build/Intermediates.noindex/a-do.build/Debug-iphonesimulator/a-do\ WidgetExtension.build/Objects-normal/arm64/a_do_WidgetExtension.swiftmodule -validate-clang-modules-once -clang-build-session-file /Users/ahmadhamilton/Library/Developer/Xcode/DerivedData/ModuleCache.noindex/Session.modulevalidation -Xcc -I/Users/ahmadhamilton/Library/Developer/Xcode/DerivedData/a-do-bftrwaswllkyrrgwbkjoeerjxfwv/Build/Intermediates.noindex/a-do.build/Debug-iphonesimulator/a-do\ WidgetExtension.build/swift-overrides.hmap -emit-const-values -Xfrontend -const-gather-protocols-file -Xfrontend /Users/ahmadhamilton/Library/Developer/Xcode/DerivedData/a-do-bftrwaswllkyrrgwbkjoeerjxfwv/Build/Intermediates.noindex/a-do.build/Debug-iphonesimulator/a-do\ WidgetExtension.build/Objects-normal/arm64/a-do\ WidgetExtension_const_extract_protocols.json -Xcc -iquote -Xcc /Users/ahmadhamilton/Library/Developer/Xcode/DerivedData/a-do-bftrwaswllkyrrgwbkjoeerjxfwv/Build/Intermediates.noindex/a-do.build/Debug-iphonesimulator/a-do\ WidgetExtension.build/a-do\ WidgetExtension-generated-files.hmap -Xcc -I/Users/ahmadhamilton/Library/Developer/Xcode/DerivedData/a-do-bftrwaswllkyrrgwbkjoeerjxfwv/Build/Intermediates.noindex/a-do.build/Debug-iphonesimulator/a-do\ WidgetExtension.build/a-do\ WidgetExtension-own-target-headers.hmap -Xcc -I/Users/ahmadhamilton/Library/Developer/Xcode/DerivedData/a-do-bftrwaswllkyrrgwbkjoeerjxfwv/Build/Intermediates.noindex/a-do.build/Debug-iphonesimulator/a-do\ WidgetExtension.build/a-do\ WidgetExtension-all-target-headers.hmap -Xcc -iquote -Xcc /Users/ahmadhamilton/Library/Developer/Xcode/DerivedData/a-do-bftrwaswllkyrrgwbkjoeerjxfwv/Build/Intermediates.noindex/a-do.build/Debug-iphonesimulator/a-do\ WidgetExtension.build/a-do\ WidgetExtension-project-headers.hmap -Xcc -I/Users/ahmadhamilton/Library/Developer/Xcode/DerivedData/a-do-bftrwaswllkyrrgwbkjoeerjxfwv/Build/Products/Debug-iphonesimulator/include -Xcc -I/Users/ahmadhamilton/Library/Developer/Xcode/DerivedData/a-do-bftrwaswllkyrrgwbkjoeerjxfwv/Build/Intermediates.noindex/a-do.build/Debug-iphonesimulator/a-do\ WidgetExtension.build/DerivedSources-normal/arm64 -Xcc -I/Users/ahmadhamilton/Library/Developer/Xcode/DerivedData/a-do-bftrwaswllkyrrgwbkjoeerjxfwv/Build/Intermediates.noindex/a-do.build/Debug-iphonesimulator/a-do\ WidgetExtension.build/DerivedSources/arm64 -Xcc -I/Users/ahmadhamilton/Library/Developer/Xcode/DerivedData/a-do-bftrwaswllkyrrgwbkjoeerjxfwv/Build/Intermediates.noindex/a-do.build/Debug-iphonesimulator/a-do\ WidgetExtension.build/DerivedSources -Xcc -DDEBUG\=1 -emit-objc-header -emit-objc-header-path /Users/ahmadhamilton/Library/Developer/Xcode/DerivedData/a-do-bftrwaswllkyrrgwbkjoeerjxfwv/Build/Intermediates.noindex/a-do.build/Debug-iphonesimulator/a-do\ WidgetExtension.build/Objects-normal/arm64/a_do_WidgetExtension-Swift.h -working-directory /Users/ahmadhamilton/Documents/GitHub/Remember -experimental-emit-module-separately -disable-cmo

Copy /Users/ahmadhamilton/Library/Developer/Xcode/DerivedData/a-do-bftrwaswllkyrrgwbkjoeerjxfwv/Build/Products/Debug-iphonesimulator/a_do_WidgetExtension.swiftmodule/arm64-apple-ios-simulator.swiftdoc /Users/ahmadhamilton/Library/Developer/Xcode/DerivedData/a-do-bftrwaswllkyrrgwbkjoeerjxfwv/Build/Intermediates.noindex/a-do.build/Debug-iphonesimulator/a-do\ WidgetExtension.build/Objects-normal/arm64/a_do_WidgetExtension.swiftdoc (in target 'a-do WidgetExtension' from project 'a-do')
    cd /Users/ahmadhamilton/Documents/GitHub/Remember
    builtin-copy -exclude .DS_Store -exclude CVS -exclude .svn -exclude .git -exclude .hg -resolve-src-symlinks -rename /Users/ahmadhamilton/Library/Developer/Xcode/DerivedData/a-do-bftrwaswllkyrrgwbkjoeerjxfwv/Build/Intermediates.noindex/a-do.build/Debug-iphonesimulator/a-do\ WidgetExtension.build/Objects-normal/arm64/a_do_WidgetExtension.swiftdoc /Users/ahmadhamilton/Library/Developer/Xcode/DerivedData/a-do-bftrwaswllkyrrgwbkjoeerjxfwv/Build/Products/Debug-iphonesimulator/a_do_WidgetExtension.swiftmodule/arm64-apple-ios-simulator.swiftdoc

Copy /Users/ahmadhamilton/Library/Developer/Xcode/DerivedData/a-do-bftrwaswllkyrrgwbkjoeerjxfwv/Build/Products/Debug-iphonesimulator/a_do_WidgetExtension.swiftmodule/arm64-apple-ios-simulator.swiftmodule /Users/ahmadhamilton/Library/Developer/Xcode/DerivedData/a-do-bftrwaswllkyrrgwbkjoeerjxfwv/Build/Intermediates.noindex/a-do.build/Debug-iphonesimulator/a-do\ WidgetExtension.build/Objects-normal/arm64/a_do_WidgetExtension.swiftmodule (in target 'a-do WidgetExtension' from project 'a-do')
    cd /Users/ahmadhamilton/Documents/GitHub/Remember
    builtin-copy -exclude .DS_Store -exclude CVS -exclude .svn -exclude .git -exclude .hg -resolve-src-symlinks -rename /Users/ahmadhamilton/Library/Developer/Xcode/DerivedData/a-do-bftrwaswllkyrrgwbkjoeerjxfwv/Build/Intermediates.noindex/a-do.build/Debug-iphonesimulator/a-do\ WidgetExtension.build/Objects-normal/arm64/a_do_WidgetExtension.swiftmodule /Users/ahmadhamilton/Library/Developer/Xcode/DerivedData/a-do-bftrwaswllkyrrgwbkjoeerjxfwv/Build/Products/Debug-iphonesimulator/a_do_WidgetExtension.swiftmodule/arm64-apple-ios-simulator.swiftmodule

Copy /Users/ahmadhamilton/Library/Developer/Xcode/DerivedData/a-do-bftrwaswllkyrrgwbkjoeerjxfwv/Build/Products/Debug-iphonesimulator/a_do_WidgetExtension.swiftmodule/arm64-apple-ios-simulator.abi.json /Users/ahmadhamilton/Library/Developer/Xcode/DerivedData/a-do-bftrwaswllkyrrgwbkjoeerjxfwv/Build/Intermediates.noindex/a-do.build/Debug-iphonesimulator/a-do\ WidgetExtension.build/Objects-normal/arm64/a_do_WidgetExtension.abi.json (in target 'a-do WidgetExtension' from project 'a-do')
    cd /Users/ahmadhamilton/Documents/GitHub/Remember
    builtin-copy -exclude .DS_Store -exclude CVS -exclude .svn -exclude .git -exclude .hg -resolve-src-symlinks -rename /Users/ahmadhamilton/Library/Developer/Xcode/DerivedData/a-do-bftrwaswllkyrrgwbkjoeerjxfwv/Build/Intermediates.noindex/a-do.build/Debug-iphonesimulator/a-do\ WidgetExtension.build/Objects-normal/arm64/a_do_WidgetExtension.abi.json /Users/ahmadhamilton/Library/Developer/Xcode/DerivedData/a-do-bftrwaswllkyrrgwbkjoeerjxfwv/Build/Products/Debug-iphonesimulator/a_do_WidgetExtension.swiftmodule/arm64-apple-ios-simulator.abi.json

Copy /Users/ahmadhamilton/Library/Developer/Xcode/DerivedData/a-do-bftrwaswllkyrrgwbkjoeerjxfwv/Build/Products/Debug-iphonesimulator/a_do_WidgetExtension.swiftmodule/Project/arm64-apple-ios-simulator.swiftsourceinfo /Users/ahmadhamilton/Library/Developer/Xcode/DerivedData/a-do-bftrwaswllkyrrgwbkjoeerjxfwv/Build/Intermediates.noindex/a-do.build/Debug-iphonesimulator/a-do\ WidgetExtension.build/Objects-normal/arm64/a_do_WidgetExtension.swiftsourceinfo (in target 'a-do WidgetExtension' from project 'a-do')
    cd /Users/ahmadhamilton/Documents/GitHub/Remember
    builtin-copy -exclude .DS_Store -exclude CVS -exclude .svn -exclude .git -exclude .hg -resolve-src-symlinks -rename /Users/ahmadhamilton/Library/Developer/Xcode/DerivedData/a-do-bftrwaswllkyrrgwbkjoeerjxfwv/Build/Intermediates.noindex/a-do.build/Debug-iphonesimulator/a-do\ WidgetExtension.build/Objects-normal/arm64/a_do_WidgetExtension.swiftsourceinfo /Users/ahmadhamilton/Library/Developer/Xcode/DerivedData/a-do-bftrwaswllkyrrgwbkjoeerjxfwv/Build/Products/Debug-iphonesimulator/a_do_WidgetExtension.swiftmodule/Project/arm64-apple-ios-simulator.swiftsourceinfo

SwiftDriverJobDiscovery normal arm64 Compiling HabitWidget.swift (in target 'a-do WidgetExtension' from project 'a-do')

SwiftDriverJobDiscovery normal x86_64 Emitting module for a_do_WidgetExtension (in target 'a-do WidgetExtension' from project 'a-do')

SwiftDriver\ Compilation\ Requirements a-do\ WidgetExtension normal x86_64 com.apple.xcode.tools.swift.compiler (in target 'a-do WidgetExtension' from project 'a-do')
    cd /Users/ahmadhamilton/Documents/GitHub/Remember
    builtin-Swift-Compilation-Requirements -- /Applications/Xcode.app/Contents/Developer/Toolchains/XcodeDefault.xctoolchain/usr/bin/swiftc -module-name a_do_WidgetExtension -Onone -enforce-exclusivity\=checked @/Users/ahmadhamilton/Library/Developer/Xcode/DerivedData/a-do-bftrwaswllkyrrgwbkjoeerjxfwv/Build/Intermediates.noindex/a-do.build/Debug-iphonesimulator/a-do\ WidgetExtension.build/Objects-normal/x86_64/a-do\ WidgetExtension.SwiftFileList -DDEBUG -enable-bare-slash-regex -enable-upcoming-feature DisableOutwardActorInference -enable-upcoming-feature InferSendableFromCaptures -enable-upcoming-feature GlobalActorIsolatedTypesUsability -enable-upcoming-feature MemberImportVisibility -enable-upcoming-feature InferIsolatedConformances -enable-upcoming-feature NonisolatedNonsendingByDefault -enable-experimental-feature DebugDescriptionMacro -sdk /Applications/Xcode.app/Contents/Developer/Platforms/iPhoneSimulator.platform/Developer/SDKs/iPhoneSimulator26.0.sdk -target x86_64-apple-ios26.0-simulator -g -module-cache-path /Users/ahmadhamilton/Library/Developer/Xcode/DerivedData/ModuleCache.noindex -Xfrontend -serialize-debugging-options -application-extension -enable-testing -index-store-path /Users/ahmadhamilton/Library/Developer/Xcode/DerivedData/a-do-bftrwaswllkyrrgwbkjoeerjxfwv/Index.noindex/DataStore -Xcc -D_LIBCPP_HARDENING_MODE\=_LIBCPP_HARDENING_MODE_DEBUG -swift-version 5 -I /Users/ahmadhamilton/Library/Developer/Xcode/DerivedData/a-do-bftrwaswllkyrrgwbkjoeerjxfwv/Build/Products/Debug-iphonesimulator -F /Users/ahmadhamilton/Library/Developer/Xcode/DerivedData/a-do-bftrwaswllkyrrgwbkjoeerjxfwv/Build/Products/Debug-iphonesimulator -emit-localized-strings -emit-localized-strings-path /Users/ahmadhamilton/Library/Developer/Xcode/DerivedData/a-do-bftrwaswllkyrrgwbkjoeerjxfwv/Build/Intermediates.noindex/a-do.build/Debug-iphonesimulator/a-do\ WidgetExtension.build/Objects-normal/x86_64 -c -j14 -enable-batch-mode -incremental -Xcc -ivfsstatcache -Xcc /Users/ahmadhamilton/Library/Developer/Xcode/DerivedData/SDKStatCaches.noindex/iphonesimulator26.0-23A339-3885c01c3e6b6a337905948deab2002e26257891a6c027eb51374368541b8346.sdkstatcache -output-file-map /Users/ahmadhamilton/Library/Developer/Xcode/DerivedData/a-do-bftrwaswllkyrrgwbkjoeerjxfwv/Build/Intermediates.noindex/a-do.build/Debug-iphonesimulator/a-do\ WidgetExtension.build/Objects-normal/x86_64/a-do\ WidgetExtension-OutputFileMap.json -use-frontend-parseable-output -save-temps -no-color-diagnostics -explicit-module-build -module-cache-path /Users/ahmadhamilton/Library/Developer/Xcode/DerivedData/a-do-bftrwaswllkyrrgwbkjoeerjxfwv/Build/Intermediates.noindex/SwiftExplicitPrecompiledModules -clang-scanner-module-cache-path /Users/ahmadhamilton/Library/Developer/Xcode/DerivedData/ModuleCache.noindex -sdk-module-cache-path /Users/ahmadhamilton/Library/Developer/Xcode/DerivedData/ModuleCache.noindex -serialize-diagnostics -emit-dependencies -emit-module -emit-module-path /Users/ahmadhamilton/Library/Developer/Xcode/DerivedData/a-do-bftrwaswllkyrrgwbkjoeerjxfwv/Build/Intermediates.noindex/a-do.build/Debug-iphonesimulator/a-do\ WidgetExtension.build/Objects-normal/x86_64/a_do_WidgetExtension.swiftmodule -validate-clang-modules-once -clang-build-session-file /Users/ahmadhamilton/Library/Developer/Xcode/DerivedData/ModuleCache.noindex/Session.modulevalidation -Xcc -I/Users/ahmadhamilton/Library/Developer/Xcode/DerivedData/a-do-bftrwaswllkyrrgwbkjoeerjxfwv/Build/Intermediates.noindex/a-do.build/Debug-iphonesimulator/a-do\ WidgetExtension.build/swift-overrides.hmap -emit-const-values -Xfrontend -const-gather-protocols-file -Xfrontend /Users/ahmadhamilton/Library/Developer/Xcode/DerivedData/a-do-bftrwaswllkyrrgwbkjoeerjxfwv/Build/Intermediates.noindex/a-do.build/Debug-iphonesimulator/a-do\ WidgetExtension.build/Objects-normal/x86_64/a-do\ WidgetExtension_const_extract_protocols.json -Xcc -iquote -Xcc /Users/ahmadhamilton/Library/Developer/Xcode/DerivedData/a-do-bftrwaswllkyrrgwbkjoeerjxfwv/Build/Intermediates.noindex/a-do.build/Debug-iphonesimulator/a-do\ WidgetExtension.build/a-do\ WidgetExtension-generated-files.hmap -Xcc -I/Users/ahmadhamilton/Library/Developer/Xcode/DerivedData/a-do-bftrwaswllkyrrgwbkjoeerjxfwv/Build/Intermediates.noindex/a-do.build/Debug-iphonesimulator/a-do\ WidgetExtension.build/a-do\ WidgetExtension-own-target-headers.hmap -Xcc -I/Users/ahmadhamilton/Library/Developer/Xcode/DerivedData/a-do-bftrwaswllkyrrgwbkjoeerjxfwv/Build/Intermediates.noindex/a-do.build/Debug-iphonesimulator/a-do\ WidgetExtension.build/a-do\ WidgetExtension-all-target-headers.hmap -Xcc -iquote -Xcc /Users/ahmadhamilton/Library/Developer/Xcode/DerivedData/a-do-bftrwaswllkyrrgwbkjoeerjxfwv/Build/Intermediates.noindex/a-do.build/Debug-iphonesimulator/a-do\ WidgetExtension.build/a-do\ WidgetExtension-project-headers.hmap -Xcc -I/Users/ahmadhamilton/Library/Developer/Xcode/DerivedData/a-do-bftrwaswllkyrrgwbkjoeerjxfwv/Build/Products/Debug-iphonesimulator/include -Xcc -I/Users/ahmadhamilton/Library/Developer/Xcode/DerivedData/a-do-bftrwaswllkyrrgwbkjoeerjxfwv/Build/Intermediates.noindex/a-do.build/Debug-iphonesimulator/a-do\ WidgetExtension.build/DerivedSources-normal/x86_64 -Xcc -I/Users/ahmadhamilton/Library/Developer/Xcode/DerivedData/a-do-bftrwaswllkyrrgwbkjoeerjxfwv/Build/Intermediates.noindex/a-do.build/Debug-iphonesimulator/a-do\ WidgetExtension.build/DerivedSources/x86_64 -Xcc -I/Users/ahmadhamilton/Library/Developer/Xcode/DerivedData/a-do-bftrwaswllkyrrgwbkjoeerjxfwv/Build/Intermediates.noindex/a-do.build/Debug-iphonesimulator/a-do\ WidgetExtension.build/DerivedSources -Xcc -DDEBUG\=1 -emit-objc-header -emit-objc-header-path /Users/ahmadhamilton/Library/Developer/Xcode/DerivedData/a-do-bftrwaswllkyrrgwbkjoeerjxfwv/Build/Intermediates.noindex/a-do.build/Debug-iphonesimulator/a-do\ WidgetExtension.build/Objects-normal/x86_64/a_do_WidgetExtension-Swift.h -working-directory /Users/ahmadhamilton/Documents/GitHub/Remember -experimental-emit-module-separately -disable-cmo

SwiftMergeGeneratedHeaders /Users/ahmadhamilton/Library/Developer/Xcode/DerivedData/a-do-bftrwaswllkyrrgwbkjoeerjxfwv/Build/Intermediates.noindex/a-do.build/Debug-iphonesimulator/a-do\ WidgetExtension.build/DerivedSources/a_do_WidgetExtension-Swift.h /Users/ahmadhamilton/Library/Developer/Xcode/DerivedData/a-do-bftrwaswllkyrrgwbkjoeerjxfwv/Build/Intermediates.noindex/a-do.build/Debug-iphonesimulator/a-do\ WidgetExtension.build/Objects-normal/arm64/a_do_WidgetExtension-Swift.h /Users/ahmadhamilton/Library/Developer/Xcode/DerivedData/a-do-bftrwaswllkyrrgwbkjoeerjxfwv/Build/Intermediates.noindex/a-do.build/Debug-iphonesimulator/a-do\ WidgetExtension.build/Objects-normal/x86_64/a_do_WidgetExtension-Swift.h (in target 'a-do WidgetExtension' from project 'a-do')
    cd /Users/ahmadhamilton/Documents/GitHub/Remember
    builtin-swiftHeaderTool -arch arm64 /Users/ahmadhamilton/Library/Developer/Xcode/DerivedData/a-do-bftrwaswllkyrrgwbkjoeerjxfwv/Build/Intermediates.noindex/a-do.build/Debug-iphonesimulator/a-do\ WidgetExtension.build/Objects-normal/arm64/a_do_WidgetExtension-Swift.h -arch x86_64 /Users/ahmadhamilton/Library/Developer/Xcode/DerivedData/a-do-bftrwaswllkyrrgwbkjoeerjxfwv/Build/Intermediates.noindex/a-do.build/Debug-iphonesimulator/a-do\ WidgetExtension.build/Objects-normal/x86_64/a_do_WidgetExtension-Swift.h -o /Users/ahmadhamilton/Library/Developer/Xcode/DerivedData/a-do-bftrwaswllkyrrgwbkjoeerjxfwv/Build/Intermediates.noindex/a-do.build/Debug-iphonesimulator/a-do\ WidgetExtension.build/DerivedSources/a_do_WidgetExtension-Swift.h

Copy /Users/ahmadhamilton/Library/Developer/Xcode/DerivedData/a-do-bftrwaswllkyrrgwbkjoeerjxfwv/Build/Products/Debug-iphonesimulator/a_do_WidgetExtension.swiftmodule/x86_64-apple-ios-simulator.swiftdoc /Users/ahmadhamilton/Library/Developer/Xcode/DerivedData/a-do-bftrwaswllkyrrgwbkjoeerjxfwv/Build/Intermediates.noindex/a-do.build/Debug-iphonesimulator/a-do\ WidgetExtension.build/Objects-normal/x86_64/a_do_WidgetExtension.swiftdoc (in target 'a-do WidgetExtension' from project 'a-do')
    cd /Users/ahmadhamilton/Documents/GitHub/Remember
    builtin-copy -exclude .DS_Store -exclude CVS -exclude .svn -exclude .git -exclude .hg -resolve-src-symlinks -rename /Users/ahmadhamilton/Library/Developer/Xcode/DerivedData/a-do-bftrwaswllkyrrgwbkjoeerjxfwv/Build/Intermediates.noindex/a-do.build/Debug-iphonesimulator/a-do\ WidgetExtension.build/Objects-normal/x86_64/a_do_WidgetExtension.swiftdoc /Users/ahmadhamilton/Library/Developer/Xcode/DerivedData/a-do-bftrwaswllkyrrgwbkjoeerjxfwv/Build/Products/Debug-iphonesimulator/a_do_WidgetExtension.swiftmodule/x86_64-apple-ios-simulator.swiftdoc

Copy /Users/ahmadhamilton/Library/Developer/Xcode/DerivedData/a-do-bftrwaswllkyrrgwbkjoeerjxfwv/Build/Products/Debug-iphonesimulator/a_do_WidgetExtension.swiftmodule/x86_64-apple-ios-simulator.abi.json /Users/ahmadhamilton/Library/Developer/Xcode/DerivedData/a-do-bftrwaswllkyrrgwbkjoeerjxfwv/Build/Intermediates.noindex/a-do.build/Debug-iphonesimulator/a-do\ WidgetExtension.build/Objects-normal/x86_64/a_do_WidgetExtension.abi.json (in target 'a-do WidgetExtension' from project 'a-do')
    cd /Users/ahmadhamilton/Documents/GitHub/Remember
    builtin-copy -exclude .DS_Store -exclude CVS -exclude .svn -exclude .git -exclude .hg -resolve-src-symlinks -rename /Users/ahmadhamilton/Library/Developer/Xcode/DerivedData/a-do-bftrwaswllkyrrgwbkjoeerjxfwv/Build/Intermediates.noindex/a-do.build/Debug-iphonesimulator/a-do\ WidgetExtension.build/Objects-normal/x86_64/a_do_WidgetExtension.abi.json /Users/ahmadhamilton/Library/Developer/Xcode/DerivedData/a-do-bftrwaswllkyrrgwbkjoeerjxfwv/Build/Products/Debug-iphonesimulator/a_do_WidgetExtension.swiftmodule/x86_64-apple-ios-simulator.abi.json

Copy /Users/ahmadhamilton/Library/Developer/Xcode/DerivedData/a-do-bftrwaswllkyrrgwbkjoeerjxfwv/Build/Products/Debug-iphonesimulator/a_do_WidgetExtension.swiftmodule/x86_64-apple-ios-simulator.swiftmodule /Users/ahmadhamilton/Library/Developer/Xcode/DerivedData/a-do-bftrwaswllkyrrgwbkjoeerjxfwv/Build/Intermediates.noindex/a-do.build/Debug-iphonesimulator/a-do\ WidgetExtension.build/Objects-normal/x86_64/a_do_WidgetExtension.swiftmodule (in target 'a-do WidgetExtension' from project 'a-do')
    cd /Users/ahmadhamilton/Documents/GitHub/Remember
    builtin-copy -exclude .DS_Store -exclude CVS -exclude .svn -exclude .git -exclude .hg -resolve-src-symlinks -rename /Users/ahmadhamilton/Library/Developer/Xcode/DerivedData/a-do-bftrwaswllkyrrgwbkjoeerjxfwv/Build/Intermediates.noindex/a-do.build/Debug-iphonesimulator/a-do\ WidgetExtension.build/Objects-normal/x86_64/a_do_WidgetExtension.swiftmodule /Users/ahmadhamilton/Library/Developer/Xcode/DerivedData/a-do-bftrwaswllkyrrgwbkjoeerjxfwv/Build/Products/Debug-iphonesimulator/a_do_WidgetExtension.swiftmodule/x86_64-apple-ios-simulator.swiftmodule

Copy /Users/ahmadhamilton/Library/Developer/Xcode/DerivedData/a-do-bftrwaswllkyrrgwbkjoeerjxfwv/Build/Products/Debug-iphonesimulator/a_do_WidgetExtension.swiftmodule/Project/x86_64-apple-ios-simulator.swiftsourceinfo /Users/ahmadhamilton/Library/Developer/Xcode/DerivedData/a-do-bftrwaswllkyrrgwbkjoeerjxfwv/Build/Intermediates.noindex/a-do.build/Debug-iphonesimulator/a-do\ WidgetExtension.build/Objects-normal/x86_64/a_do_WidgetExtension.swiftsourceinfo (in target 'a-do WidgetExtension' from project 'a-do')
    cd /Users/ahmadhamilton/Documents/GitHub/Remember
    builtin-copy -exclude .DS_Store -exclude CVS -exclude .svn -exclude .git -exclude .hg -resolve-src-symlinks -rename /Users/ahmadhamilton/Library/Developer/Xcode/DerivedData/a-do-bftrwaswllkyrrgwbkjoeerjxfwv/Build/Intermediates.noindex/a-do.build/Debug-iphonesimulator/a-do\ WidgetExtension.build/Objects-normal/x86_64/a_do_WidgetExtension.swiftsourceinfo /Users/ahmadhamilton/Library/Developer/Xcode/DerivedData/a-do-bftrwaswllkyrrgwbkjoeerjxfwv/Build/Products/Debug-iphonesimulator/a_do_WidgetExtension.swiftmodule/Project/x86_64-apple-ios-simulator.swiftsourceinfo

ProcessProductPackaging /Users/ahmadhamilton/Documents/GitHub/Remember/a-do/a-do.entitlements /Users/ahmadhamilton/Library/Developer/Xcode/DerivedData/a-do-bftrwaswllkyrrgwbkjoeerjxfwv/Build/Intermediates.noindex/a-do.build/Debug-iphonesimulator/a-do.build/a-do.app-Simulated.xcent (in target 'a-do' from project 'a-do')
    cd /Users/ahmadhamilton/Documents/GitHub/Remember
    
    Entitlements:
    
    {
    "application-identifier" = "4ZNP9N3A76.JAMSoft.a-do";
    "aps-environment" = production;
    "com.apple.developer.icloud-container-environment" = Production;
    "com.apple.developer.icloud-container-identifiers" =     (
        "iCloud.JAMSoft.a-do"
    );
    "com.apple.developer.icloud-services" =     (
        CloudKit
    );
    "com.apple.developer.usernotifications.time-sensitive" = 1;
    "com.apple.security.application-groups" =     (
        "group.com.ado.app"
    );
}
    
    builtin-productPackagingUtility /Users/ahmadhamilton/Documents/GitHub/Remember/a-do/a-do.entitlements -entitlements -format xml -o /Users/ahmadhamilton/Library/Developer/Xcode/DerivedData/a-do-bftrwaswllkyrrgwbkjoeerjxfwv/Build/Intermediates.noindex/a-do.build/Debug-iphonesimulator/a-do.build/a-do.app-Simulated.xcent

ProcessProductPackaging /Users/ahmadhamilton/Documents/GitHub/Remember/a-do/a-do.entitlements /Users/ahmadhamilton/Library/Developer/Xcode/DerivedData/a-do-bftrwaswllkyrrgwbkjoeerjxfwv/Build/Intermediates.noindex/a-do.build/Debug-iphonesimulator/a-do.build/a-do.app.xcent (in target 'a-do' from project 'a-do')
    cd /Users/ahmadhamilton/Documents/GitHub/Remember
    
    Entitlements:
    
    {
}
    
    builtin-productPackagingUtility /Users/ahmadhamilton/Documents/GitHub/Remember/a-do/a-do.entitlements -entitlements -format xml -o /Users/ahmadhamilton/Library/Developer/Xcode/DerivedData/a-do-bftrwaswllkyrrgwbkjoeerjxfwv/Build/Intermediates.noindex/a-do.build/Debug-iphonesimulator/a-do.build/a-do.app.xcent

ProcessProductPackagingDER /Users/ahmadhamilton/Library/Developer/Xcode/DerivedData/a-do-bftrwaswllkyrrgwbkjoeerjxfwv/Build/Intermediates.noindex/a-do.build/Debug-iphonesimulator/a-do.build/a-do.app.xcent /Users/ahmadhamilton/Library/Developer/Xcode/DerivedData/a-do-bftrwaswllkyrrgwbkjoeerjxfwv/Build/Intermediates.noindex/a-do.build/Debug-iphonesimulator/a-do.build/a-do.app.xcent.der (in target 'a-do' from project 'a-do')
    cd /Users/ahmadhamilton/Documents/GitHub/Remember
    /usr/bin/derq query -f xml -i /Users/ahmadhamilton/Library/Developer/Xcode/DerivedData/a-do-bftrwaswllkyrrgwbkjoeerjxfwv/Build/Intermediates.noindex/a-do.build/Debug-iphonesimulator/a-do.build/a-do.app.xcent -o /Users/ahmadhamilton/Library/Developer/Xcode/DerivedData/a-do-bftrwaswllkyrrgwbkjoeerjxfwv/Build/Intermediates.noindex/a-do.build/Debug-iphonesimulator/a-do.build/a-do.app.xcent.der --raw

ProcessProductPackagingDER /Users/ahmadhamilton/Library/Developer/Xcode/DerivedData/a-do-bftrwaswllkyrrgwbkjoeerjxfwv/Build/Intermediates.noindex/a-do.build/Debug-iphonesimulator/a-do.build/a-do.app-Simulated.xcent /Users/ahmadhamilton/Library/Developer/Xcode/DerivedData/a-do-bftrwaswllkyrrgwbkjoeerjxfwv/Build/Intermediates.noindex/a-do.build/Debug-iphonesimulator/a-do.build/a-do.app-Simulated.xcent.der (in target 'a-do' from project 'a-do')
    cd /Users/ahmadhamilton/Documents/GitHub/Remember
    /usr/bin/derq query -f xml -i /Users/ahmadhamilton/Library/Developer/Xcode/DerivedData/a-do-bftrwaswllkyrrgwbkjoeerjxfwv/Build/Intermediates.noindex/a-do.build/Debug-iphonesimulator/a-do.build/a-do.app-Simulated.xcent -o /Users/ahmadhamilton/Library/Developer/Xcode/DerivedData/a-do-bftrwaswllkyrrgwbkjoeerjxfwv/Build/Intermediates.noindex/a-do.build/Debug-iphonesimulator/a-do.build/a-do.app-Simulated.xcent.der --raw

GenerateAssetSymbols /Users/ahmadhamilton/Documents/GitHub/Remember/a-do/Assets.xcassets (in target 'a-do' from project 'a-do')
    cd /Users/ahmadhamilton/Documents/GitHub/Remember
    /Applications/Xcode.app/Contents/Developer/usr/bin/actool /Users/ahmadhamilton/Documents/GitHub/Remember/a-do/Assets.xcassets --compile /Users/ahmadhamilton/Library/Developer/Xcode/DerivedData/a-do-bftrwaswllkyrrgwbkjoeerjxfwv/Build/Products/Debug-iphonesimulator/a-do.app --output-format human-readable-text --notices --warnings --export-dependency-info /Users/ahmadhamilton/Library/Developer/Xcode/DerivedData/a-do-bftrwaswllkyrrgwbkjoeerjxfwv/Build/Intermediates.noindex/a-do.build/Debug-iphonesimulator/a-do.build/assetcatalog_dependencies --output-partial-info-plist /Users/ahmadhamilton/Library/Developer/Xcode/DerivedData/a-do-bftrwaswllkyrrgwbkjoeerjxfwv/Build/Intermediates.noindex/a-do.build/Debug-iphonesimulator/a-do.build/assetcatalog_generated_info.plist --app-icon AppIcon --accent-color AccentColor --compress-pngs --enable-on-demand-resources YES --development-region en --target-device iphone --target-device ipad --minimum-deployment-target 18.0 --platform iphonesimulator --bundle-identifier JAMSoft.a-do --generate-swift-asset-symbols /Users/ahmadhamilton/Library/Developer/Xcode/DerivedData/a-do-bftrwaswllkyrrgwbkjoeerjxfwv/Build/Intermediates.noindex/a-do.build/Debug-iphonesimulator/a-do.build/DerivedSources/GeneratedAssetSymbols.swift --generate-objc-asset-symbols /Users/ahmadhamilton/Library/Developer/Xcode/DerivedData/a-do-bftrwaswllkyrrgwbkjoeerjxfwv/Build/Intermediates.noindex/a-do.build/Debug-iphonesimulator/a-do.build/DerivedSources/GeneratedAssetSymbols.h --generate-asset-symbol-index /Users/ahmadhamilton/Library/Developer/Xcode/DerivedData/a-do-bftrwaswllkyrrgwbkjoeerjxfwv/Build/Intermediates.noindex/a-do.build/Debug-iphonesimulator/a-do.build/DerivedSources/GeneratedAssetSymbols-Index.plist
/* com.apple.actool.compilation-results */
/Users/ahmadhamilton/Library/Developer/Xcode/DerivedData/a-do-bftrwaswllkyrrgwbkjoeerjxfwv/Build/Intermediates.noindex/a-do.build/Debug-iphonesimulator/a-do.build/DerivedSources/GeneratedAssetSymbols-Index.plist
/Users/ahmadhamilton/Library/Developer/Xcode/DerivedData/a-do-bftrwaswllkyrrgwbkjoeerjxfwv/Build/Intermediates.noindex/a-do.build/Debug-iphonesimulator/a-do.build/DerivedSources/GeneratedAssetSymbols.h
/Users/ahmadhamilton/Library/Developer/Xcode/DerivedData/a-do-bftrwaswllkyrrgwbkjoeerjxfwv/Build/Intermediates.noindex/a-do.build/Debug-iphonesimulator/a-do.build/DerivedSources/GeneratedAssetSymbols.swift


MkDir /Users/ahmadhamilton/Library/Developer/Xcode/DerivedData/a-do-bftrwaswllkyrrgwbkjoeerjxfwv/Build/Intermediates.noindex/a-do.build/Debug-iphonesimulator/a-do.build/assetcatalog_output/thinned (in target 'a-do' from project 'a-do')
    cd /Users/ahmadhamilton/Documents/GitHub/Remember
    /bin/mkdir -p /Users/ahmadhamilton/Library/Developer/Xcode/DerivedData/a-do-bftrwaswllkyrrgwbkjoeerjxfwv/Build/Intermediates.noindex/a-do.build/Debug-iphonesimulator/a-do.build/assetcatalog_output/thinned

MkDir /Users/ahmadhamilton/Library/Developer/Xcode/DerivedData/a-do-bftrwaswllkyrrgwbkjoeerjxfwv/Build/Intermediates.noindex/a-do.build/Debug-iphonesimulator/a-do.build/assetcatalog_output/unthinned (in target 'a-do' from project 'a-do')
    cd /Users/ahmadhamilton/Documents/GitHub/Remember
    /bin/mkdir -p /Users/ahmadhamilton/Library/Developer/Xcode/DerivedData/a-do-bftrwaswllkyrrgwbkjoeerjxfwv/Build/Intermediates.noindex/a-do.build/Debug-iphonesimulator/a-do.build/assetcatalog_output/unthinned

CompileAssetCatalogVariant thinned /Users/ahmadhamilton/Library/Developer/Xcode/DerivedData/a-do-bftrwaswllkyrrgwbkjoeerjxfwv/Build/Products/Debug-iphonesimulator/a-do.app /Users/ahmadhamilton/Documents/GitHub/Remember/a-do/Assets.xcassets (in target 'a-do' from project 'a-do')
    cd /Users/ahmadhamilton/Documents/GitHub/Remember
    /Applications/Xcode.app/Contents/Developer/usr/bin/actool /Users/ahmadhamilton/Documents/GitHub/Remember/a-do/Assets.xcassets --compile /Users/ahmadhamilton/Library/Developer/Xcode/DerivedData/a-do-bftrwaswllkyrrgwbkjoeerjxfwv/Build/Intermediates.noindex/a-do.build/Debug-iphonesimulator/a-do.build/assetcatalog_output/thinned --output-format human-readable-text --notices --warnings --export-dependency-info /Users/ahmadhamilton/Library/Developer/Xcode/DerivedData/a-do-bftrwaswllkyrrgwbkjoeerjxfwv/Build/Intermediates.noindex/a-do.build/Debug-iphonesimulator/a-do.build/assetcatalog_dependencies_thinned --output-partial-info-plist /Users/ahmadhamilton/Library/Developer/Xcode/DerivedData/a-do-bftrwaswllkyrrgwbkjoeerjxfwv/Build/Intermediates.noindex/a-do.build/Debug-iphonesimulator/a-do.build/assetcatalog_generated_info.plist_thinned --app-icon AppIcon --accent-color AccentColor --compress-pngs --enable-on-demand-resources YES --development-region en --target-device iphone --target-device ipad --minimum-deployment-target 18.0 --platform iphonesimulator
objc[22765]: Class _NoAnimationDelegate is implemented in both /Library/Developer/CoreSimulator/Volumes/iOS_23A339/Library/Developer/CoreSimulator/Profiles/Runtimes/iOS 26.0.simruntime/Contents/Resources/RuntimeRoot/System/Library/Frameworks/SwiftUICore.framework/SwiftUICore (0x145af0130) and /Library/Developer/CoreSimulator/Volumes/iOS_23A339/Library/Developer/CoreSimulator/Profiles/Runtimes/iOS 26.0.simruntime/Contents/Resources/RuntimeRoot/System/Library/PrivateFrameworks/UIKitCore.framework/UIKitCore (0x142c59198). This may cause spurious casting failures and mysterious crashes. One of the duplicates must be removed or renamed.
/* com.apple.actool.compilation-results */
/Users/ahmadhamilton/Library/Developer/Xcode/DerivedData/a-do-bftrwaswllkyrrgwbkjoeerjxfwv/Build/Intermediates.noindex/a-do.build/Debug-iphonesimulator/a-do.build/assetcatalog_generated_info.plist_thinned
/Users/ahmadhamilton/Library/Developer/Xcode/DerivedData/a-do-bftrwaswllkyrrgwbkjoeerjxfwv/Build/Intermediates.noindex/a-do.build/Debug-iphonesimulator/a-do.build/assetcatalog_output/thinned/AppIcon60x60@2x.png
/Users/ahmadhamilton/Library/Developer/Xcode/DerivedData/a-do-bftrwaswllkyrrgwbkjoeerjxfwv/Build/Intermediates.noindex/a-do.build/Debug-iphonesimulator/a-do.build/assetcatalog_output/thinned/AppIcon76x76@2x~ipad.png
/Users/ahmadhamilton/Library/Developer/Xcode/DerivedData/a-do-bftrwaswllkyrrgwbkjoeerjxfwv/Build/Intermediates.noindex/a-do.build/Debug-iphonesimulator/a-do.build/assetcatalog_output/thinned/Assets.car


SwiftDriver a-do normal arm64 com.apple.xcode.tools.swift.compiler (in target 'a-do' from project 'a-do')
    cd /Users/ahmadhamilton/Documents/GitHub/Remember
    builtin-SwiftDriver -- /Applications/Xcode.app/Contents/Developer/Toolchains/XcodeDefault.xctoolchain/usr/bin/swiftc -module-name a_do -Onone -enforce-exclusivity\=checked @/Users/ahmadhamilton/Library/Developer/Xcode/DerivedData/a-do-bftrwaswllkyrrgwbkjoeerjxfwv/Build/Intermediates.noindex/a-do.build/Debug-iphonesimulator/a-do.build/Objects-normal/arm64/a-do.SwiftFileList -DDEBUG -default-isolation\=MainActor -enable-bare-slash-regex -enable-upcoming-feature DisableOutwardActorInference -enable-upcoming-feature InferSendableFromCaptures -enable-upcoming-feature GlobalActorIsolatedTypesUsability -enable-upcoming-feature MemberImportVisibility -enable-upcoming-feature InferIsolatedConformances -enable-upcoming-feature NonisolatedNonsendingByDefault -enable-experimental-feature DebugDescriptionMacro -sdk /Applications/Xcode.app/Contents/Developer/Platforms/iPhoneSimulator.platform/Developer/SDKs/iPhoneSimulator26.0.sdk -target arm64-apple-ios18.0-simulator -g -module-cache-path /Users/ahmadhamilton/Library/Developer/Xcode/DerivedData/ModuleCache.noindex -Xfrontend -serialize-debugging-options -enable-testing -index-store-path /Users/ahmadhamilton/Library/Developer/Xcode/DerivedData/a-do-bftrwaswllkyrrgwbkjoeerjxfwv/Index.noindex/DataStore -Xcc -D_LIBCPP_HARDENING_MODE\=_LIBCPP_HARDENING_MODE_DEBUG -swift-version 5 -I /Users/ahmadhamilton/Library/Developer/Xcode/DerivedData/a-do-bftrwaswllkyrrgwbkjoeerjxfwv/Build/Products/Debug-iphonesimulator -F /Users/ahmadhamilton/Library/Developer/Xcode/DerivedData/a-do-bftrwaswllkyrrgwbkjoeerjxfwv/Build/Products/Debug-iphonesimulator -emit-localized-strings -emit-localized-strings-path /Users/ahmadhamilton/Library/Developer/Xcode/DerivedData/a-do-bftrwaswllkyrrgwbkjoeerjxfwv/Build/Intermediates.noindex/a-do.build/Debug-iphonesimulator/a-do.build/Objects-normal/arm64 -c -j14 -enable-batch-mode -incremental -Xcc -ivfsstatcache -Xcc /Users/ahmadhamilton/Library/Developer/Xcode/DerivedData/SDKStatCaches.noindex/iphonesimulator26.0-23A339-3885c01c3e6b6a337905948deab2002e26257891a6c027eb51374368541b8346.sdkstatcache -output-file-map /Users/ahmadhamilton/Library/Developer/Xcode/DerivedData/a-do-bftrwaswllkyrrgwbkjoeerjxfwv/Build/Intermediates.noindex/a-do.build/Debug-iphonesimulator/a-do.build/Objects-normal/arm64/a-do-OutputFileMap.json -use-frontend-parseable-output -save-temps -no-color-diagnostics -explicit-module-build -module-cache-path /Users/ahmadhamilton/Library/Developer/Xcode/DerivedData/a-do-bftrwaswllkyrrgwbkjoeerjxfwv/Build/Intermediates.noindex/SwiftExplicitPrecompiledModules -clang-scanner-module-cache-path /Users/ahmadhamilton/Library/Developer/Xcode/DerivedData/ModuleCache.noindex -sdk-module-cache-path /Users/ahmadhamilton/Library/Developer/Xcode/DerivedData/ModuleCache.noindex -serialize-diagnostics -emit-dependencies -emit-module -emit-module-path /Users/ahmadhamilton/Library/Developer/Xcode/DerivedData/a-do-bftrwaswllkyrrgwbkjoeerjxfwv/Build/Intermediates.noindex/a-do.build/Debug-iphonesimulator/a-do.build/Objects-normal/arm64/a_do.swiftmodule -validate-clang-modules-once -clang-build-session-file /Users/ahmadhamilton/Library/Developer/Xcode/DerivedData/ModuleCache.noindex/Session.modulevalidation -Xcc -I/Users/ahmadhamilton/Library/Developer/Xcode/DerivedData/a-do-bftrwaswllkyrrgwbkjoeerjxfwv/Build/Intermediates.noindex/a-do.build/Debug-iphonesimulator/a-do.build/swift-overrides.hmap -emit-const-values -Xfrontend -const-gather-protocols-file -Xfrontend /Users/ahmadhamilton/Library/Developer/Xcode/DerivedData/a-do-bftrwaswllkyrrgwbkjoeerjxfwv/Build/Intermediates.noindex/a-do.build/Debug-iphonesimulator/a-do.build/Objects-normal/arm64/a-do_const_extract_protocols.json -Xcc -iquote -Xcc /Users/ahmadhamilton/Library/Developer/Xcode/DerivedData/a-do-bftrwaswllkyrrgwbkjoeerjxfwv/Build/Intermediates.noindex/a-do.build/Debug-iphonesimulator/a-do.build/a-do-generated-files.hmap -Xcc -I/Users/ahmadhamilton/Library/Developer/Xcode/DerivedData/a-do-bftrwaswllkyrrgwbkjoeerjxfwv/Build/Intermediates.noindex/a-do.build/Debug-iphonesimulator/a-do.build/a-do-own-target-headers.hmap -Xcc -I/Users/ahmadhamilton/Library/Developer/Xcode/DerivedData/a-do-bftrwaswllkyrrgwbkjoeerjxfwv/Build/Intermediates.noindex/a-do.build/Debug-iphonesimulator/a-do.build/a-do-all-target-headers.hmap -Xcc -iquote -Xcc /Users/ahmadhamilton/Library/Developer/Xcode/DerivedData/a-do-bftrwaswllkyrrgwbkjoeerjxfwv/Build/Intermediates.noindex/a-do.build/Debug-iphonesimulator/a-do.build/a-do-project-headers.hmap -Xcc -I/Users/ahmadhamilton/Library/Developer/Xcode/DerivedData/a-do-bftrwaswllkyrrgwbkjoeerjxfwv/Build/Products/Debug-iphonesimulator/include -Xcc -I/Users/ahmadhamilton/Library/Developer/Xcode/DerivedData/a-do-bftrwaswllkyrrgwbkjoeerjxfwv/Build/Intermediates.noindex/a-do.build/Debug-iphonesimulator/a-do.build/DerivedSources-normal/arm64 -Xcc -I/Users/ahmadhamilton/Library/Developer/Xcode/DerivedData/a-do-bftrwaswllkyrrgwbkjoeerjxfwv/Build/Intermediates.noindex/a-do.build/Debug-iphonesimulator/a-do.build/DerivedSources/arm64 -Xcc -I/Users/ahmadhamilton/Library/Developer/Xcode/DerivedData/a-do-bftrwaswllkyrrgwbkjoeerjxfwv/Build/Intermediates.noindex/a-do.build/Debug-iphonesimulator/a-do.build/DerivedSources -Xcc -DDEBUG\=1 -emit-objc-header -emit-objc-header-path /Users/ahmadhamilton/Library/Developer/Xcode/DerivedData/a-do-bftrwaswllkyrrgwbkjoeerjxfwv/Build/Intermediates.noindex/a-do.build/Debug-iphonesimulator/a-do.build/Objects-normal/arm64/a_do-Swift.h -working-directory /Users/ahmadhamilton/Documents/GitHub/Remember -experimental-emit-module-separately -disable-cmo

SwiftDriver a-do normal x86_64 com.apple.xcode.tools.swift.compiler (in target 'a-do' from project 'a-do')
    cd /Users/ahmadhamilton/Documents/GitHub/Remember
    builtin-SwiftDriver -- /Applications/Xcode.app/Contents/Developer/Toolchains/XcodeDefault.xctoolchain/usr/bin/swiftc -module-name a_do -Onone -enforce-exclusivity\=checked @/Users/ahmadhamilton/Library/Developer/Xcode/DerivedData/a-do-bftrwaswllkyrrgwbkjoeerjxfwv/Build/Intermediates.noindex/a-do.build/Debug-iphonesimulator/a-do.build/Objects-normal/x86_64/a-do.SwiftFileList -DDEBUG -default-isolation\=MainActor -enable-bare-slash-regex -enable-upcoming-feature DisableOutwardActorInference -enable-upcoming-feature InferSendableFromCaptures -enable-upcoming-feature GlobalActorIsolatedTypesUsability -enable-upcoming-feature MemberImportVisibility -enable-upcoming-feature InferIsolatedConformances -enable-upcoming-feature NonisolatedNonsendingByDefault -enable-experimental-feature DebugDescriptionMacro -sdk /Applications/Xcode.app/Contents/Developer/Platforms/iPhoneSimulator.platform/Developer/SDKs/iPhoneSimulator26.0.sdk -target x86_64-apple-ios18.0-simulator -g -module-cache-path /Users/ahmadhamilton/Library/Developer/Xcode/DerivedData/ModuleCache.noindex -Xfrontend -serialize-debugging-options -enable-testing -index-store-path /Users/ahmadhamilton/Library/Developer/Xcode/DerivedData/a-do-bftrwaswllkyrrgwbkjoeerjxfwv/Index.noindex/DataStore -Xcc -D_LIBCPP_HARDENING_MODE\=_LIBCPP_HARDENING_MODE_DEBUG -swift-version 5 -I /Users/ahmadhamilton/Library/Developer/Xcode/DerivedData/a-do-bftrwaswllkyrrgwbkjoeerjxfwv/Build/Products/Debug-iphonesimulator -F /Users/ahmadhamilton/Library/Developer/Xcode/DerivedData/a-do-bftrwaswllkyrrgwbkjoeerjxfwv/Build/Products/Debug-iphonesimulator -emit-localized-strings -emit-localized-strings-path /Users/ahmadhamilton/Library/Developer/Xcode/DerivedData/a-do-bftrwaswllkyrrgwbkjoeerjxfwv/Build/Intermediates.noindex/a-do.build/Debug-iphonesimulator/a-do.build/Objects-normal/x86_64 -c -j14 -enable-batch-mode -incremental -Xcc -ivfsstatcache -Xcc /Users/ahmadhamilton/Library/Developer/Xcode/DerivedData/SDKStatCaches.noindex/iphonesimulator26.0-23A339-3885c01c3e6b6a337905948deab2002e26257891a6c027eb51374368541b8346.sdkstatcache -output-file-map /Users/ahmadhamilton/Library/Developer/Xcode/DerivedData/a-do-bftrwaswllkyrrgwbkjoeerjxfwv/Build/Intermediates.noindex/a-do.build/Debug-iphonesimulator/a-do.build/Objects-normal/x86_64/a-do-OutputFileMap.json -use-frontend-parseable-output -save-temps -no-color-diagnostics -explicit-module-build -module-cache-path /Users/ahmadhamilton/Library/Developer/Xcode/DerivedData/a-do-bftrwaswllkyrrgwbkjoeerjxfwv/Build/Intermediates.noindex/SwiftExplicitPrecompiledModules -clang-scanner-module-cache-path /Users/ahmadhamilton/Library/Developer/Xcode/DerivedData/ModuleCache.noindex -sdk-module-cache-path /Users/ahmadhamilton/Library/Developer/Xcode/DerivedData/ModuleCache.noindex -serialize-diagnostics -emit-dependencies -emit-module -emit-module-path /Users/ahmadhamilton/Library/Developer/Xcode/DerivedData/a-do-bftrwaswllkyrrgwbkjoeerjxfwv/Build/Intermediates.noindex/a-do.build/Debug-iphonesimulator/a-do.build/Objects-normal/x86_64/a_do.swiftmodule -validate-clang-modules-once -clang-build-session-file /Users/ahmadhamilton/Library/Developer/Xcode/DerivedData/ModuleCache.noindex/Session.modulevalidation -Xcc -I/Users/ahmadhamilton/Library/Developer/Xcode/DerivedData/a-do-bftrwaswllkyrrgwbkjoeerjxfwv/Build/Intermediates.noindex/a-do.build/Debug-iphonesimulator/a-do.build/swift-overrides.hmap -emit-const-values -Xfrontend -const-gather-protocols-file -Xfrontend /Users/ahmadhamilton/Library/Developer/Xcode/DerivedData/a-do-bftrwaswllkyrrgwbkjoeerjxfwv/Build/Intermediates.noindex/a-do.build/Debug-iphonesimulator/a-do.build/Objects-normal/x86_64/a-do_const_extract_protocols.json -Xcc -iquote -Xcc /Users/ahmadhamilton/Library/Developer/Xcode/DerivedData/a-do-bftrwaswllkyrrgwbkjoeerjxfwv/Build/Intermediates.noindex/a-do.build/Debug-iphonesimulator/a-do.build/a-do-generated-files.hmap -Xcc -I/Users/ahmadhamilton/Library/Developer/Xcode/DerivedData/a-do-bftrwaswllkyrrgwbkjoeerjxfwv/Build/Intermediates.noindex/a-do.build/Debug-iphonesimulator/a-do.build/a-do-own-target-headers.hmap -Xcc -I/Users/ahmadhamilton/Library/Developer/Xcode/DerivedData/a-do-bftrwaswllkyrrgwbkjoeerjxfwv/Build/Intermediates.noindex/a-do.build/Debug-iphonesimulator/a-do.build/a-do-all-target-headers.hmap -Xcc -iquote -Xcc /Users/ahmadhamilton/Library/Developer/Xcode/DerivedData/a-do-bftrwaswllkyrrgwbkjoeerjxfwv/Build/Intermediates.noindex/a-do.build/Debug-iphonesimulator/a-do.build/a-do-project-headers.hmap -Xcc -I/Users/ahmadhamilton/Library/Developer/Xcode/DerivedData/a-do-bftrwaswllkyrrgwbkjoeerjxfwv/Build/Products/Debug-iphonesimulator/include -Xcc -I/Users/ahmadhamilton/Library/Developer/Xcode/DerivedData/a-do-bftrwaswllkyrrgwbkjoeerjxfwv/Build/Intermediates.noindex/a-do.build/Debug-iphonesimulator/a-do.build/DerivedSources-normal/x86_64 -Xcc -I/Users/ahmadhamilton/Library/Developer/Xcode/DerivedData/a-do-bftrwaswllkyrrgwbkjoeerjxfwv/Build/Intermediates.noindex/a-do.build/Debug-iphonesimulator/a-do.build/DerivedSources/x86_64 -Xcc -I/Users/ahmadhamilton/Library/Developer/Xcode/DerivedData/a-do-bftrwaswllkyrrgwbkjoeerjxfwv/Build/Intermediates.noindex/a-do.build/Debug-iphonesimulator/a-do.build/DerivedSources -Xcc -DDEBUG\=1 -emit-objc-header -emit-objc-header-path /Users/ahmadhamilton/Library/Developer/Xcode/DerivedData/a-do-bftrwaswllkyrrgwbkjoeerjxfwv/Build/Intermediates.noindex/a-do.build/Debug-iphonesimulator/a-do.build/Objects-normal/x86_64/a_do-Swift.h -working-directory /Users/ahmadhamilton/Documents/GitHub/Remember -experimental-emit-module-separately -disable-cmo

SwiftDriverJobDiscovery normal arm64 Compiling EnhancedWidgets.swift (in target 'a-do WidgetExtension' from project 'a-do')

SwiftDriver\ Compilation a-do\ WidgetExtension normal arm64 com.apple.xcode.tools.swift.compiler (in target 'a-do WidgetExtension' from project 'a-do')
    cd /Users/ahmadhamilton/Documents/GitHub/Remember
    builtin-Swift-Compilation -- /Applications/Xcode.app/Contents/Developer/Toolchains/XcodeDefault.xctoolchain/usr/bin/swiftc -module-name a_do_WidgetExtension -Onone -enforce-exclusivity\=checked @/Users/ahmadhamilton/Library/Developer/Xcode/DerivedData/a-do-bftrwaswllkyrrgwbkjoeerjxfwv/Build/Intermediates.noindex/a-do.build/Debug-iphonesimulator/a-do\ WidgetExtension.build/Objects-normal/arm64/a-do\ WidgetExtension.SwiftFileList -DDEBUG -enable-bare-slash-regex -enable-upcoming-feature DisableOutwardActorInference -enable-upcoming-feature InferSendableFromCaptures -enable-upcoming-feature GlobalActorIsolatedTypesUsability -enable-upcoming-feature MemberImportVisibility -enable-upcoming-feature InferIsolatedConformances -enable-upcoming-feature NonisolatedNonsendingByDefault -enable-experimental-feature DebugDescriptionMacro -sdk /Applications/Xcode.app/Contents/Developer/Platforms/iPhoneSimulator.platform/Developer/SDKs/iPhoneSimulator26.0.sdk -target arm64-apple-ios26.0-simulator -g -module-cache-path /Users/ahmadhamilton/Library/Developer/Xcode/DerivedData/ModuleCache.noindex -Xfrontend -serialize-debugging-options -application-extension -enable-testing -index-store-path /Users/ahmadhamilton/Library/Developer/Xcode/DerivedData/a-do-bftrwaswllkyrrgwbkjoeerjxfwv/Index.noindex/DataStore -Xcc -D_LIBCPP_HARDENING_MODE\=_LIBCPP_HARDENING_MODE_DEBUG -swift-version 5 -I /Users/ahmadhamilton/Library/Developer/Xcode/DerivedData/a-do-bftrwaswllkyrrgwbkjoeerjxfwv/Build/Products/Debug-iphonesimulator -F /Users/ahmadhamilton/Library/Developer/Xcode/DerivedData/a-do-bftrwaswllkyrrgwbkjoeerjxfwv/Build/Products/Debug-iphonesimulator -emit-localized-strings -emit-localized-strings-path /Users/ahmadhamilton/Library/Developer/Xcode/DerivedData/a-do-bftrwaswllkyrrgwbkjoeerjxfwv/Build/Intermediates.noindex/a-do.build/Debug-iphonesimulator/a-do\ WidgetExtension.build/Objects-normal/arm64 -c -j14 -enable-batch-mode -incremental -Xcc -ivfsstatcache -Xcc /Users/ahmadhamilton/Library/Developer/Xcode/DerivedData/SDKStatCaches.noindex/iphonesimulator26.0-23A339-3885c01c3e6b6a337905948deab2002e26257891a6c027eb51374368541b8346.sdkstatcache -output-file-map /Users/ahmadhamilton/Library/Developer/Xcode/DerivedData/a-do-bftrwaswllkyrrgwbkjoeerjxfwv/Build/Intermediates.noindex/a-do.build/Debug-iphonesimulator/a-do\ WidgetExtension.build/Objects-normal/arm64/a-do\ WidgetExtension-OutputFileMap.json -use-frontend-parseable-output -save-temps -no-color-diagnostics -explicit-module-build -module-cache-path /Users/ahmadhamilton/Library/Developer/Xcode/DerivedData/a-do-bftrwaswllkyrrgwbkjoeerjxfwv/Build/Intermediates.noindex/SwiftExplicitPrecompiledModules -clang-scanner-module-cache-path /Users/ahmadhamilton/Library/Developer/Xcode/DerivedData/ModuleCache.noindex -sdk-module-cache-path /Users/ahmadhamilton/Library/Developer/Xcode/DerivedData/ModuleCache.noindex -serialize-diagnostics -emit-dependencies -emit-module -emit-module-path /Users/ahmadhamilton/Library/Developer/Xcode/DerivedData/a-do-bftrwaswllkyrrgwbkjoeerjxfwv/Build/Intermediates.noindex/a-do.build/Debug-iphonesimulator/a-do\ WidgetExtension.build/Objects-normal/arm64/a_do_WidgetExtension.swiftmodule -validate-clang-modules-once -clang-build-session-file /Users/ahmadhamilton/Library/Developer/Xcode/DerivedData/ModuleCache.noindex/Session.modulevalidation -Xcc -I/Users/ahmadhamilton/Library/Developer/Xcode/DerivedData/a-do-bftrwaswllkyrrgwbkjoeerjxfwv/Build/Intermediates.noindex/a-do.build/Debug-iphonesimulator/a-do\ WidgetExtension.build/swift-overrides.hmap -emit-const-values -Xfrontend -const-gather-protocols-file -Xfrontend /Users/ahmadhamilton/Library/Developer/Xcode/DerivedData/a-do-bftrwaswllkyrrgwbkjoeerjxfwv/Build/Intermediates.noindex/a-do.build/Debug-iphonesimulator/a-do\ WidgetExtension.build/Objects-normal/arm64/a-do\ WidgetExtension_const_extract_protocols.json -Xcc -iquote -Xcc /Users/ahmadhamilton/Library/Developer/Xcode/DerivedData/a-do-bftrwaswllkyrrgwbkjoeerjxfwv/Build/Intermediates.noindex/a-do.build/Debug-iphonesimulator/a-do\ WidgetExtension.build/a-do\ WidgetExtension-generated-files.hmap -Xcc -I/Users/ahmadhamilton/Library/Developer/Xcode/DerivedData/a-do-bftrwaswllkyrrgwbkjoeerjxfwv/Build/Intermediates.noindex/a-do.build/Debug-iphonesimulator/a-do\ WidgetExtension.build/a-do\ WidgetExtension-own-target-headers.hmap -Xcc -I/Users/ahmadhamilton/Library/Developer/Xcode/DerivedData/a-do-bftrwaswllkyrrgwbkjoeerjxfwv/Build/Intermediates.noindex/a-do.build/Debug-iphonesimulator/a-do\ WidgetExtension.build/a-do\ WidgetExtension-all-target-headers.hmap -Xcc -iquote -Xcc /Users/ahmadhamilton/Library/Developer/Xcode/DerivedData/a-do-bftrwaswllkyrrgwbkjoeerjxfwv/Build/Intermediates.noindex/a-do.build/Debug-iphonesimulator/a-do\ WidgetExtension.build/a-do\ WidgetExtension-project-headers.hmap -Xcc -I/Users/ahmadhamilton/Library/Developer/Xcode/DerivedData/a-do-bftrwaswllkyrrgwbkjoeerjxfwv/Build/Products/Debug-iphonesimulator/include -Xcc -I/Users/ahmadhamilton/Library/Developer/Xcode/DerivedData/a-do-bftrwaswllkyrrgwbkjoeerjxfwv/Build/Intermediates.noindex/a-do.build/Debug-iphonesimulator/a-do\ WidgetExtension.build/DerivedSources-normal/arm64 -Xcc -I/Users/ahmadhamilton/Library/Developer/Xcode/DerivedData/a-do-bftrwaswllkyrrgwbkjoeerjxfwv/Build/Intermediates.noindex/a-do.build/Debug-iphonesimulator/a-do\ WidgetExtension.build/DerivedSources/arm64 -Xcc -I/Users/ahmadhamilton/Library/Developer/Xcode/DerivedData/a-do-bftrwaswllkyrrgwbkjoeerjxfwv/Build/Intermediates.noindex/a-do.build/Debug-iphonesimulator/a-do\ WidgetExtension.build/DerivedSources -Xcc -DDEBUG\=1 -emit-objc-header -emit-objc-header-path /Users/ahmadhamilton/Library/Developer/Xcode/DerivedData/a-do-bftrwaswllkyrrgwbkjoeerjxfwv/Build/Intermediates.noindex/a-do.build/Debug-iphonesimulator/a-do\ WidgetExtension.build/Objects-normal/arm64/a_do_WidgetExtension-Swift.h -working-directory /Users/ahmadhamilton/Documents/GitHub/Remember -experimental-emit-module-separately -disable-cmo

Ld /Users/ahmadhamilton/Library/Developer/Xcode/DerivedData/a-do-bftrwaswllkyrrgwbkjoeerjxfwv/Build/Intermediates.noindex/a-do.build/Debug-iphonesimulator/a-do\ WidgetExtension.build/Objects-normal/arm64/Binary/a-do\ WidgetExtension.debug.dylib normal arm64 (in target 'a-do WidgetExtension' from project 'a-do')
    cd /Users/ahmadhamilton/Documents/GitHub/Remember
    /Applications/Xcode.app/Contents/Developer/Toolchains/XcodeDefault.xctoolchain/usr/bin/clang -Xlinker -reproducible -target arm64-apple-ios26.0-simulator -dynamiclib -isysroot /Applications/Xcode.app/Contents/Developer/Platforms/iPhoneSimulator.platform/Developer/SDKs/iPhoneSimulator26.0.sdk -O0 -L/Users/ahmadhamilton/Library/Developer/Xcode/DerivedData/a-do-bftrwaswllkyrrgwbkjoeerjxfwv/Build/Intermediates.noindex/EagerLinkingTBDs/Debug-iphonesimulator -L/Users/ahmadhamilton/Library/Developer/Xcode/DerivedData/a-do-bftrwaswllkyrrgwbkjoeerjxfwv/Build/Products/Debug-iphonesimulator -F/Users/ahmadhamilton/Library/Developer/Xcode/DerivedData/a-do-bftrwaswllkyrrgwbkjoeerjxfwv/Build/Intermediates.noindex/EagerLinkingTBDs/Debug-iphonesimulator -F/Users/ahmadhamilton/Library/Developer/Xcode/DerivedData/a-do-bftrwaswllkyrrgwbkjoeerjxfwv/Build/Products/Debug-iphonesimulator -filelist /Users/ahmadhamilton/Library/Developer/Xcode/DerivedData/a-do-bftrwaswllkyrrgwbkjoeerjxfwv/Build/Intermediates.noindex/a-do.build/Debug-iphonesimulator/a-do\ WidgetExtension.build/Objects-normal/arm64/a-do\ WidgetExtension.LinkFileList -install_name @rpath/a-do\ WidgetExtension.debug.dylib -Xlinker -rpath -Xlinker @executable_path/Frameworks -Xlinker -rpath -Xlinker @executable_path/../../Frameworks -dead_strip -Xlinker -object_path_lto -Xlinker /Users/ahmadhamilton/Library/Developer/Xcode/DerivedData/a-do-bftrwaswllkyrrgwbkjoeerjxfwv/Build/Intermediates.noindex/a-do.build/Debug-iphonesimulator/a-do\ WidgetExtension.build/Objects-normal/arm64/a-do\ WidgetExtension_lto.o -rdynamic -Xlinker -no_deduplicate -Xlinker -objc_abi_version -Xlinker 2 -Xlinker -dependency_info -Xlinker /Users/ahmadhamilton/Library/Developer/Xcode/DerivedData/a-do-bftrwaswllkyrrgwbkjoeerjxfwv/Build/Intermediates.noindex/a-do.build/Debug-iphonesimulator/a-do\ WidgetExtension.build/Objects-normal/arm64/a-do\ WidgetExtension_dependency_info.dat -fapplication-extension -fobjc-link-runtime -L/Applications/Xcode.app/Contents/Developer/Toolchains/XcodeDefault.xctoolchain/usr/lib/swift/iphonesimulator -L/usr/lib/swift -Xlinker -add_ast_path -Xlinker /Users/ahmadhamilton/Library/Developer/Xcode/DerivedData/a-do-bftrwaswllkyrrgwbkjoeerjxfwv/Build/Intermediates.noindex/a-do.build/Debug-iphonesimulator/a-do\ WidgetExtension.build/Objects-normal/arm64/a_do_WidgetExtension.swiftmodule @/Users/ahmadhamilton/Library/Developer/Xcode/DerivedData/a-do-bftrwaswllkyrrgwbkjoeerjxfwv/Build/Intermediates.noindex/a-do.build/Debug-iphonesimulator/a-do\ WidgetExtension.build/Objects-normal/arm64/a_do_WidgetExtension-linker-args.resp -Xlinker -alias -Xlinker _NSExtensionMain -Xlinker ___debug_main_executable_dylib_entry_point -framework SwiftUI -framework WidgetKit -Xlinker -no_adhoc_codesign -o /Users/ahmadhamilton/Library/Developer/Xcode/DerivedData/a-do-bftrwaswllkyrrgwbkjoeerjxfwv/Build/Intermediates.noindex/a-do.build/Debug-iphonesimulator/a-do\ WidgetExtension.build/Objects-normal/arm64/Binary/a-do\ WidgetExtension.debug.dylib

SwiftCompile normal arm64 Compiling\ BackupManager.swift,\ BehavioralLearningManager.swift,\ CalendarManager.swift,\ CloudKitManager.swift,\ CollaborationManager.swift,\ ContactsManager.swift,\ EnhancedSiriManager.swift,\ EntitlementManager.swift,\ FocusModeManager.swift,\ GamificationManager.swift /Users/ahmadhamilton/Documents/GitHub/Remember/a-do/Managers/BackupManager.swift /Users/ahmadhamilton/Documents/GitHub/Remember/a-do/Managers/BehavioralLearningManager.swift /Users/ahmadhamilton/Documents/GitHub/Remember/a-do/Managers/CalendarManager.swift /Users/ahmadhamilton/Documents/GitHub/Remember/a-do/Managers/CloudKitManager.swift /Users/ahmadhamilton/Documents/GitHub/Remember/a-do/Managers/CollaborationManager.swift /Users/ahmadhamilton/Documents/GitHub/Remember/a-do/Managers/ContactsManager.swift /Users/ahmadhamilton/Documents/GitHub/Remember/a-do/Managers/EnhancedSiriManager.swift /Users/ahmadhamilton/Documents/GitHub/Remember/a-do/Managers/EntitlementManager.swift /Users/ahmadhamilton/Documents/GitHub/Remember/a-do/Managers/FocusModeManager.swift /Users/ahmadhamilton/Documents/GitHub/Remember/a-do/Managers/GamificationManager.swift (in target 'a-do' from project 'a-do')
SwiftCompile normal arm64 /Users/ahmadhamilton/Documents/GitHub/Remember/a-do/Managers/BackupManager.swift (in target 'a-do' from project 'a-do')
    cd /Users/ahmadhamilton/Documents/GitHub/Remember
    
2025-10-28 00:48:28.871 xcodebuild[22689:10893310]  DTDKRemoteDeviceConnection: Failed to start remote service "com.apple.mobile.notification_proxy" on device. Error: Error Domain=com.apple.dtdevicekit Code=811 "Failed to start remote service "com.apple.mobile.notification_proxy" on device." UserInfo={NSUnderlyingError=0x9e1c1e2e0 {Error Domain=com.apple.dt.MobileDeviceErrorDomain Code=-402653158 "The device is passcode protected." UserInfo={MobileDeviceErrorCode=(0xE800001A), com.apple.dtdevicekit.stacktrace=(
	0   DTDeviceKitBase                     0x000000011f872644 DTDKCreateNSErrorFromAMDErrorCode + 312
	1   DTDeviceKitBase                     0x000000011f87e3c0 __63-[DTDKRemoteDeviceConnection startFirstServiceOf:unlockKeybag:]_block_invoke + 368
	2   DTDeviceKitBase                     0x000000011f87dbc8 __48-[DTDKRemoteDeviceConnection futureWithSession:]_block_invoke_4 + 28
	3   DTDeviceKitBase                     0x000000011f8746b4 __DTDKExecuteInSession_block_invoke_2 + 68
	4   DTDeviceKitBase                     0x000000011f873df4 __DTDKExecuteWithConnection_block_invoke_2 + 216
	5   DTDeviceKitBase                     0x000000011f873cf0 __DTDKExecuteWithConnection_block_invoke + 104
	6   libdispatch.dylib                   0x0000000182c8eac4 _dispatch_client_callout + 16
	7   libdispatch.dylib                   0x0000000182c84940 _dispatch_lane_barrier_sync_invoke_and_complete + 56
	8   DVTFoundation                       0x000000010ff186cc DVTDispatchBarrierSync + 148
	9   DVTFoundation                       0x000000010ff1982c -[DVTDispatchLock performLockedBlock:] + 60
	10  DTDeviceKitBase                     0x000000011f873bf4 DTDKExecuteWithConnection + 200
	11  DTDeviceKitBase                     0x000000011f874548 DTDKExecuteInSession + 260
	12  DTDeviceKitBase                     0x000000011f87d99c __48-[DTDKRemoteDeviceConnection futureWithSession:]_block_invoke_2 + 204
	13  DVTFoundation                       0x000000010ff17a90 __DVT_CALLING_CLIENT_BLOCK__ + 16
	14  DVTFoundation                       0x000000010ff18410 __DVTDispatchAsync_block_invoke + 152
	15  libdispatch.dylib                   0x0000000182c74b5c _dispatch_call_block_and_release + 32
	16  libdispatch.dylib                   0x0000000182c8eac4 _dispatch_client_callout + 16
	17  libdispatch.dylib                   0x0000000182c7d4e8 _dispatch_lane_serial_drain + 740
	18  libdispatch.dylib                   0x0000000182c7dff8 _dispatch_lane_invoke + 440
	19  libdispatch.dylib                   0x0000000182c88474 _dispatch_root_queue_drain_deferred_wlh + 292
	20  libdispatch.dylib                   0x0000000182c87d6c _dispatch_workloop_worker_thread + 692
	21  libsystem_pthread.dylib             0x0000000182e2de4c _pthread_wqthread + 292
	22  libsystem_pthread.dylib             0x0000000182e2cb9c start_wqthread + 8
), DVTRadarComponentKey=261622, NSLocalizedDescription=The device is passcode protected.}}, NSLocalizedRecoverySuggestion=Please check your connection to your device., DVTRadarComponentKey=261622, NSLocalizedDescription=Failed to start remote service "com.apple.mobile.notification_proxy" on device.}

SwiftCompile normal arm64 /Users/ahmadhamilton/Documents/GitHub/Remember/a-do/Managers/BehavioralLearningManager.swift (in target 'a-do' from project 'a-do')
    cd /Users/ahmadhamilton/Documents/GitHub/Remember
    

SwiftCompile normal arm64 /Users/ahmadhamilton/Documents/GitHub/Remember/a-do/Managers/CalendarManager.swift (in target 'a-do' from project 'a-do')
    cd /Users/ahmadhamilton/Documents/GitHub/Remember
    

SwiftCompile normal arm64 /Users/ahmadhamilton/Documents/GitHub/Remember/a-do/Managers/CloudKitManager.swift (in target 'a-do' from project 'a-do')
    cd /Users/ahmadhamilton/Documents/GitHub/Remember
    

SwiftCompile normal arm64 /Users/ahmadhamilton/Documents/GitHub/Remember/a-do/Managers/CollaborationManager.swift (in target 'a-do' from project 'a-do')
    cd /Users/ahmadhamilton/Documents/GitHub/Remember
    

SwiftCompile normal arm64 /Users/ahmadhamilton/Documents/GitHub/Remember/a-do/Managers/ContactsManager.swift (in target 'a-do' from project 'a-do')
    cd /Users/ahmadhamilton/Documents/GitHub/Remember
    

SwiftCompile normal arm64 /Users/ahmadhamilton/Documents/GitHub/Remember/a-do/Managers/EnhancedSiriManager.swift (in target 'a-do' from project 'a-do')
    cd /Users/ahmadhamilton/Documents/GitHub/Remember
    

SwiftCompile normal arm64 /Users/ahmadhamilton/Documents/GitHub/Remember/a-do/Managers/EntitlementManager.swift (in target 'a-do' from project 'a-do')
    cd /Users/ahmadhamilton/Documents/GitHub/Remember
    

SwiftCompile normal arm64 /Users/ahmadhamilton/Documents/GitHub/Remember/a-do/Managers/FocusModeManager.swift (in target 'a-do' from project 'a-do')
    cd /Users/ahmadhamilton/Documents/GitHub/Remember
    

SwiftCompile normal arm64 /Users/ahmadhamilton/Documents/GitHub/Remember/a-do/Managers/GamificationManager.swift (in target 'a-do' from project 'a-do')
    cd /Users/ahmadhamilton/Documents/GitHub/Remember
    

SwiftEmitModule normal arm64 Emitting\ module\ for\ a_do (in target 'a-do' from project 'a-do')

EmitSwiftModule normal arm64 (in target 'a-do' from project 'a-do')
    cd /Users/ahmadhamilton/Documents/GitHub/Remember
    

SwiftCompile normal arm64 Compiling\ ReminderShortcuts.swift,\ AdvancedSearchManager.swift,\ AdvancedSmartListManager.swift,\ AIBehavioralIntegrationCoordinator.swift,\ AIDataService.swift,\ AIManager.swift,\ AIWritingToolsManager.swift,\ ApplePencilProManager.swift,\ AppleRemindersSyncManager.swift,\ AudioManager.swift /Users/ahmadhamilton/Documents/GitHub/Remember/a-do/AppIntents/ReminderShortcuts.swift /Users/ahmadhamilton/Documents/GitHub/Remember/a-do/Managers/AdvancedSearchManager.swift /Users/ahmadhamilton/Documents/GitHub/Remember/a-do/Managers/AdvancedSmartListManager.swift /Users/ahmadhamilton/Documents/GitHub/Remember/a-do/Managers/AIBehavioralIntegrationCoordinator.swift /Users/ahmadhamilton/Documents/GitHub/Remember/a-do/Managers/AIDataService.swift /Users/ahmadhamilton/Documents/GitHub/Remember/a-do/Managers/AIManager.swift /Users/ahmadhamilton/Documents/GitHub/Remember/a-do/Managers/AIWritingToolsManager.swift /Users/ahmadhamilton/Documents/GitHub/Remember/a-do/Managers/ApplePencilProManager.swift /Users/ahmadhamilton/Documents/GitHub/Remember/a-do/Managers/AppleRemindersSyncManager.swift /Users/ahmadhamilton/Documents/GitHub/Remember/a-do/Managers/AudioManager.swift (in target 'a-do' from project 'a-do')

SwiftCompile normal arm64 /Users/ahmadhamilton/Documents/GitHub/Remember/a-do/AppIntents/ReminderShortcuts.swift (in target 'a-do' from project 'a-do')
    cd /Users/ahmadhamilton/Documents/GitHub/Remember
    

SwiftCompile normal arm64 /Users/ahmadhamilton/Documents/GitHub/Remember/a-do/Managers/AdvancedSearchManager.swift (in target 'a-do' from project 'a-do')
    cd /Users/ahmadhamilton/Documents/GitHub/Remember
    

SwiftCompile normal arm64 /Users/ahmadhamilton/Documents/GitHub/Remember/a-do/Managers/AdvancedSmartListManager.swift (in target 'a-do' from project 'a-do')
    cd /Users/ahmadhamilton/Documents/GitHub/Remember
    

SwiftCompile normal arm64 /Users/ahmadhamilton/Documents/GitHub/Remember/a-do/Managers/AIBehavioralIntegrationCoordinator.swift (in target 'a-do' from project 'a-do')
    cd /Users/ahmadhamilton/Documents/GitHub/Remember
    

SwiftCompile normal arm64 /Users/ahmadhamilton/Documents/GitHub/Remember/a-do/Managers/AIDataService.swift (in target 'a-do' from project 'a-do')
    cd /Users/ahmadhamilton/Documents/GitHub/Remember
    

SwiftCompile normal arm64 /Users/ahmadhamilton/Documents/GitHub/Remember/a-do/Managers/AIManager.swift (in target 'a-do' from project 'a-do')
    cd /Users/ahmadhamilton/Documents/GitHub/Remember
    

SwiftCompile normal arm64 /Users/ahmadhamilton/Documents/GitHub/Remember/a-do/Managers/AIWritingToolsManager.swift (in target 'a-do' from project 'a-do')
    cd /Users/ahmadhamilton/Documents/GitHub/Remember
    

SwiftCompile normal arm64 /Users/ahmadhamilton/Documents/GitHub/Remember/a-do/Managers/ApplePencilProManager.swift (in target 'a-do' from project 'a-do')
    cd /Users/ahmadhamilton/Documents/GitHub/Remember
    

SwiftCompile normal arm64 /Users/ahmadhamilton/Documents/GitHub/Remember/a-do/Managers/AppleRemindersSyncManager.swift (in target 'a-do' from project 'a-do')
    cd /Users/ahmadhamilton/Documents/GitHub/Remember
    

SwiftCompile normal arm64 /Users/ahmadhamilton/Documents/GitHub/Remember/a-do/Managers/AudioManager.swift (in target 'a-do' from project 'a-do')
    cd /Users/ahmadhamilton/Documents/GitHub/Remember
    

SwiftCompile normal arm64 Compiling\ AIInsightsDashboard.swift,\ AIInsightsDashboardWrapper.swift,\ AISettingsView.swift,\ AISettingsViewWrapper.swift,\ AISuggestionsView.swift,\ AISuggestionsViewWrapper.swift,\ InsightDetailView.swift,\ SuggestionDetailView.swift,\ PencilSketchView.swift,\ CollaborationView.swift /Users/ahmadhamilton/Documents/GitHub/Remember/a-do/Views/AI/AIInsightsDashboard.swift /Users/ahmadhamilton/Documents/GitHub/Remember/a-do/Views/AI/AIInsightsDashboardWrapper.swift /Users/ahmadhamilton/Documents/GitHub/Remember/a-do/Views/AI/AISettingsView.swift /Users/ahmadhamilton/Documents/GitHub/Remember/a-do/Views/AI/AISettingsViewWrapper.swift /Users/ahmadhamilton/Documents/GitHub/Remember/a-do/Views/AI/AISuggestionsView.swift /Users/ahmadhamilton/Documents/GitHub/Remember/a-do/Views/AI/AISuggestionsViewWrapper.swift /Users/ahmadhamilton/Documents/GitHub/Remember/a-do/Views/AI/InsightDetailView.swift /Users/ahmadhamilton/Documents/GitHub/Remember/a-do/Views/AI/SuggestionDetailView.swift /Users/ahmadhamilton/Documents/GitHub/Remember/a-do/Views/ApplePencil/PencilSketchView.swift /Users/ahmadhamilton/Documents/GitHub/Remember/a-do/Views/Collaboration/CollaborationView.swift (in target 'a-do' from project 'a-do')
SwiftCompile normal arm64 /Users/ahmadhamilton/Documents/GitHub/Remember/a-do/Views/AI/AIInsightsDashboard.swift (in target 'a-do' from project 'a-do')
    cd /Users/ahmadhamilton/Documents/GitHub/Remember
    

SwiftCompile normal arm64 /Users/ahmadhamilton/Documents/GitHub/Remember/a-do/Views/AI/AIInsightsDashboardWrapper.swift (in target 'a-do' from project 'a-do')
    cd /Users/ahmadhamilton/Documents/GitHub/Remember
    

SwiftCompile normal arm64 /Users/ahmadhamilton/Documents/GitHub/Remember/a-do/Views/AI/AISettingsView.swift (in target 'a-do' from project 'a-do')
    cd /Users/ahmadhamilton/Documents/GitHub/Remember
    

SwiftCompile normal arm64 /Users/ahmadhamilton/Documents/GitHub/Remember/a-do/Views/AI/AISettingsViewWrapper.swift (in target 'a-do' from project 'a-do')
    cd /Users/ahmadhamilton/Documents/GitHub/Remember
    

SwiftCompile normal arm64 /Users/ahmadhamilton/Documents/GitHub/Remember/a-do/Views/AI/AISuggestionsView.swift (in target 'a-do' from project 'a-do')
    cd /Users/ahmadhamilton/Documents/GitHub/Remember
    

SwiftCompile normal arm64 /Users/ahmadhamilton/Documents/GitHub/Remember/a-do/Views/AI/AISuggestionsViewWrapper.swift (in target 'a-do' from project 'a-do')
    cd /Users/ahmadhamilton/Documents/GitHub/Remember
    

SwiftCompile normal arm64 /Users/ahmadhamilton/Documents/GitHub/Remember/a-do/Views/AI/InsightDetailView.swift (in target 'a-do' from project 'a-do')
    cd /Users/ahmadhamilton/Documents/GitHub/Remember
    

SwiftCompile normal arm64 /Users/ahmadhamilton/Documents/GitHub/Remember/a-do/Views/AI/SuggestionDetailView.swift (in target 'a-do' from project 'a-do')
    cd /Users/ahmadhamilton/Documents/GitHub/Remember
    

SwiftCompile normal arm64 /Users/ahmadhamilton/Documents/GitHub/Remember/a-do/Views/ApplePencil/PencilSketchView.swift (in target 'a-do' from project 'a-do')
    cd /Users/ahmadhamilton/Documents/GitHub/Remember
    

SwiftCompile normal arm64 /Users/ahmadhamilton/Documents/GitHub/Remember/a-do/Views/Collaboration/CollaborationView.swift (in target 'a-do' from project 'a-do')
    cd /Users/ahmadhamilton/Documents/GitHub/Remember
    

SwiftCompile normal arm64 Compiling\ RecurringRemindersManager.swift,\ ReminderCleanupManager.swift,\ RemindersManager.swift,\ SettingsManager.swift,\ SharePlayManager.swift,\ SmartNotificationManager.swift,\ SubscriptionManager.swift,\ SubtasksManager.swift,\ SyncProgressManager.swift,\ TimeTrackingManager.swift /Users/ahmadhamilton/Documents/GitHub/Remember/a-do/Managers/RecurringRemindersManager.swift /Users/ahmadhamilton/Documents/GitHub/Remember/a-do/Managers/ReminderCleanupManager.swift /Users/ahmadhamilton/Documents/GitHub/Remember/a-do/Managers/RemindersManager.swift /Users/ahmadhamilton/Documents/GitHub/Remember/a-do/Managers/SettingsManager.swift /Users/ahmadhamilton/Documents/GitHub/Remember/a-do/Managers/SharePlayManager.swift /Users/ahmadhamilton/Documents/GitHub/Remember/a-do/Managers/SmartNotificationManager.swift /Users/ahmadhamilton/Documents/GitHub/Remember/a-do/Managers/SubscriptionManager.swift /Users/ahmadhamilton/Documents/GitHub/Remember/a-do/Managers/SubtasksManager.swift /Users/ahmadhamilton/Documents/GitHub/Remember/a-do/Managers/SyncProgressManager.swift /Users/ahmadhamilton/Documents/GitHub/Remember/a-do/Managers/TimeTrackingManager.swift (in target 'a-do' from project 'a-do')
SwiftCompile normal arm64 /Users/ahmadhamilton/Documents/GitHub/Remember/a-do/Managers/RecurringRemindersManager.swift (in target 'a-do' from project 'a-do')
    cd /Users/ahmadhamilton/Documents/GitHub/Remember
    

SwiftCompile normal arm64 /Users/ahmadhamilton/Documents/GitHub/Remember/a-do/Managers/ReminderCleanupManager.swift (in target 'a-do' from project 'a-do')
    cd /Users/ahmadhamilton/Documents/GitHub/Remember
    

SwiftCompile normal arm64 /Users/ahmadhamilton/Documents/GitHub/Remember/a-do/Managers/RemindersManager.swift (in target 'a-do' from project 'a-do')
    cd /Users/ahmadhamilton/Documents/GitHub/Remember
    

SwiftCompile normal arm64 /Users/ahmadhamilton/Documents/GitHub/Remember/a-do/Managers/SettingsManager.swift (in target 'a-do' from project 'a-do')
    cd /Users/ahmadhamilton/Documents/GitHub/Remember
    

SwiftCompile normal arm64 /Users/ahmadhamilton/Documents/GitHub/Remember/a-do/Managers/SharePlayManager.swift (in target 'a-do' from project 'a-do')
    cd /Users/ahmadhamilton/Documents/GitHub/Remember
    

SwiftCompile normal arm64 /Users/ahmadhamilton/Documents/GitHub/Remember/a-do/Managers/SmartNotificationManager.swift (in target 'a-do' from project 'a-do')
    cd /Users/ahmadhamilton/Documents/GitHub/Remember
    

SwiftCompile normal arm64 /Users/ahmadhamilton/Documents/GitHub/Remember/a-do/Managers/SubscriptionManager.swift (in target 'a-do' from project 'a-do')
    cd /Users/ahmadhamilton/Documents/GitHub/Remember
    

SwiftCompile normal arm64 /Users/ahmadhamilton/Documents/GitHub/Remember/a-do/Managers/SubtasksManager.swift (in target 'a-do' from project 'a-do')
    cd /Users/ahmadhamilton/Documents/GitHub/Remember
    

SwiftCompile normal arm64 /Users/ahmadhamilton/Documents/GitHub/Remember/a-do/Managers/SyncProgressManager.swift (in target 'a-do' from project 'a-do')
    cd /Users/ahmadhamilton/Documents/GitHub/Remember
    

SwiftCompile normal arm64 /Users/ahmadhamilton/Documents/GitHub/Remember/a-do/Managers/TimeTrackingManager.swift (in target 'a-do' from project 'a-do')
    cd /Users/ahmadhamilton/Documents/GitHub/Remember
    

SwiftCompile normal arm64 Compiling\ AppTheme.swift,\ AppGroupDefaults.swift,\ Color+Hex.swift,\ DeviceAdaptive.swift,\ MemoryOptimization.swift,\ SecurityUtils.swift,\ UserDefaults+AppGroup.swift,\ HabitViewModels.swift,\ ReminderViewModels.swift,\ SmartListEngine.swift /Users/ahmadhamilton/Documents/GitHub/Remember/a-do/Styles/AppTheme.swift /Users/ahmadhamilton/Documents/GitHub/Remember/a-do/Utils/AppGroupDefaults.swift /Users/ahmadhamilton/Documents/GitHub/Remember/a-do/Utils/Color+Hex.swift /Users/ahmadhamilton/Documents/GitHub/Remember/a-do/Utils/DeviceAdaptive.swift /Users/ahmadhamilton/Documents/GitHub/Remember/a-do/Utils/MemoryOptimization.swift /Users/ahmadhamilton/Documents/GitHub/Remember/a-do/Utils/SecurityUtils.swift /Users/ahmadhamilton/Documents/GitHub/Remember/a-do/Utils/UserDefaults+AppGroup.swift /Users/ahmadhamilton/Documents/GitHub/Remember/a-do/ViewModels/HabitViewModels.swift /Users/ahmadhamilton/Documents/GitHub/Remember/a-do/ViewModels/ReminderViewModels.swift /Users/ahmadhamilton/Documents/GitHub/Remember/a-do/ViewModels/SmartListEngine.swift (in target 'a-do' from project 'a-do')

SwiftCompile normal arm64 /Users/ahmadhamilton/Documents/GitHub/Remember/a-do/Styles/AppTheme.swift (in target 'a-do' from project 'a-do')
    cd /Users/ahmadhamilton/Documents/GitHub/Remember
    

SwiftCompile normal arm64 /Users/ahmadhamilton/Documents/GitHub/Remember/a-do/Utils/AppGroupDefaults.swift (in target 'a-do' from project 'a-do')
    cd /Users/ahmadhamilton/Documents/GitHub/Remember
    

SwiftCompile normal arm64 /Users/ahmadhamilton/Documents/GitHub/Remember/a-do/Utils/Color+Hex.swift (in target 'a-do' from project 'a-do')
    cd /Users/ahmadhamilton/Documents/GitHub/Remember
    

SwiftCompile normal arm64 /Users/ahmadhamilton/Documents/GitHub/Remember/a-do/Utils/DeviceAdaptive.swift (in target 'a-do' from project 'a-do')
    cd /Users/ahmadhamilton/Documents/GitHub/Remember
    

SwiftCompile normal arm64 /Users/ahmadhamilton/Documents/GitHub/Remember/a-do/Utils/MemoryOptimization.swift (in target 'a-do' from project 'a-do')
    cd /Users/ahmadhamilton/Documents/GitHub/Remember
    
/Users/ahmadhamilton/Documents/GitHub/Remember/a-do/Utils/MemoryOptimization.swift:38:19: warning: call to main actor-isolated instance method 'handleMemoryWarning()' in a synchronous nonisolated context
            self?.handleMemoryWarning()
                  ^
/Users/ahmadhamilton/Documents/GitHub/Remember/a-do/Utils/MemoryOptimization.swift:42:18: note: calls to instance method 'handleMemoryWarning()' from outside of its actor context are implicitly asynchronous
    private func handleMemoryWarning() {
                 ^
/Users/ahmadhamilton/Documents/GitHub/Remember/a-do/Utils/MemoryOptimization.swift:96:22: warning: conformance of 'Reminder' to 'Sendable' is unavailable: PersistentModels are not Sendable, consider utilizing a ModelActor or use Reminder's persistentModelID instead; this is an error in the Swift 6 language mode
        return await Task.detached {
                     ^
@__swiftmacro_4a_do8Reminder5ModelfMe_.swift:9:1: note: conformance of 'Reminder' to 'Sendable' has been explicitly marked unavailable here
extension Reminder: Sendable {
^
/Users/ahmadhamilton/Documents/GitHub/Remember/a-do/Models/ReminderModels.swift:208:1: note: in expansion of macro 'Model' on class 'Reminder' here
@Model
^~~~~~
/Users/ahmadhamilton/Documents/GitHub/Remember/a-do/Models/ReminderModels.swift:208:1: note: in expansion of macro 'Model' on class 'Reminder' here
@Model
^~~~~~
/Users/ahmadhamilton/Documents/GitHub/Remember/a-do/Utils/MemoryOptimization.swift:96:27: warning: conformance of 'Reminder' to 'Sendable' is unavailable: PersistentModels are not Sendable, consider utilizing a ModelActor or use Reminder's persistentModelID instead; this is an error in the Swift 6 language mode
        return await Task.detached {
                          ^
@__swiftmacro_4a_do8Reminder5ModelfMe_.swift:9:1: note: conformance of 'Reminder' to 'Sendable' has been explicitly marked unavailable here
extension Reminder: Sendable {
^
/Users/ahmadhamilton/Documents/GitHub/Remember/a-do/Models/ReminderModels.swift:208:1: note: in expansion of macro 'Model' on class 'Reminder' here
@Model
^~~~~~
/Users/ahmadhamilton/Documents/GitHub/Remember/a-do/Models/ReminderModels.swift:208:1: note: in expansion of macro 'Model' on class 'Reminder' here
@Model
^~~~~~
/Users/ahmadhamilton/Documents/GitHub/Remember/a-do/Utils/MemoryOptimization.swift:104:11: warning: conformance of 'Reminder' to 'Sendable' is unavailable: PersistentModels are not Sendable, consider utilizing a ModelActor or use Reminder's persistentModelID instead; this is an error in the Swift 6 language mode
        }.value
          ^
@__swiftmacro_4a_do8Reminder5ModelfMe_.swift:9:1: note: conformance of 'Reminder' to 'Sendable' has been explicitly marked unavailable here
extension Reminder: Sendable {
^
/Users/ahmadhamilton/Documents/GitHub/Remember/a-do/Models/ReminderModels.swift:208:1: note: in expansion of macro 'Model' on class 'Reminder' here
@Model
^~~~~~
/Users/ahmadhamilton/Documents/GitHub/Remember/a-do/Models/ReminderModels.swift:208:1: note: in expansion of macro 'Model' on class 'Reminder' here
@Model
^~~~~~
/Users/ahmadhamilton/Documents/GitHub/Remember/a-do/Utils/MemoryOptimization.swift:96:22: warning: non-Sendable type 'Task<[Reminder], Never>' cannot exit main actor-isolated context in call to nonisolated property 'value'; this is an error in the Swift 6 language mode
        return await Task.detached {
                     ^
_Concurrency.Task:2:23: note: generic struct 'Task' does not conform to the 'Sendable' protocol
@frozen public struct Task<Success, Failure> : Sendable where Success : Sendable, Failure : Error {
                      ^
/Users/ahmadhamilton/Documents/GitHub/Remember/a-do/Utils/MemoryOptimization.swift:104:11: warning: non-Sendable type '[Reminder]' of nonisolated property 'value' cannot be sent to main actor-isolated context; this is an error in the Swift 6 language mode
        }.value
          ^
Swift.Array:1:23: note: generic struct 'Array' does not conform to the 'Sendable' protocol
@frozen public struct Array<Element> : _DestructorSafeContainer {
                      ^
/Users/ahmadhamilton/Documents/GitHub/Remember/a-do/Utils/MemoryOptimization.swift:111:22: warning: conformance of 'ReminderList' to 'Sendable' is unavailable: PersistentModels are not Sendable, consider utilizing a ModelActor or use ReminderList's persistentModelID instead; this is an error in the Swift 6 language mode
        return await Task.detached {
                     ^
@__swiftmacro_4a_do12ReminderList5ModelfMe_.swift:9:1: note: conformance of 'ReminderList' to 'Sendable' has been explicitly marked unavailable here
extension ReminderList: Sendable {
^
/Users/ahmadhamilton/Documents/GitHub/Remember/a-do/Models/ReminderModels.swift:170:1: note: in expansion of macro 'Model' on class 'ReminderList' here
@Model
^~~~~~
/Users/ahmadhamilton/Documents/GitHub/Remember/a-do/Models/ReminderModels.swift:170:1: note: in expansion of macro 'Model' on class 'ReminderList' here
@Model
^~~~~~
/Users/ahmadhamilton/Documents/GitHub/Remember/a-do/Utils/MemoryOptimization.swift:111:27: warning: conformance of 'ReminderList' to 'Sendable' is unavailable: PersistentModels are not Sendable, consider utilizing a ModelActor or use ReminderList's persistentModelID instead; this is an error in the Swift 6 language mode
        return await Task.detached {
                          ^
@__swiftmacro_4a_do12ReminderList5ModelfMe_.swift:9:1: note: conformance of 'ReminderList' to 'Sendable' has been explicitly marked unavailable here
extension ReminderList: Sendable {
^
/Users/ahmadhamilton/Documents/GitHub/Remember/a-do/Models/ReminderModels.swift:170:1: note: in expansion of macro 'Model' on class 'ReminderList' here
@Model
^~~~~~
/Users/ahmadhamilton/Documents/GitHub/Remember/a-do/Models/ReminderModels.swift:170:1: note: in expansion of macro 'Model' on class 'ReminderList' here
@Model
^~~~~~
/Users/ahmadhamilton/Documents/GitHub/Remember/a-do/Utils/MemoryOptimization.swift:116:11: warning: conformance of 'ReminderList' to 'Sendable' is unavailable: PersistentModels are not Sendable, consider utilizing a ModelActor or use ReminderList's persistentModelID instead; this is an error in the Swift 6 language mode
        }.value
          ^
@__swiftmacro_4a_do12ReminderList5ModelfMe_.swift:9:1: note: conformance of 'ReminderList' to 'Sendable' has been explicitly marked unavailable here
extension ReminderList: Sendable {
^
/Users/ahmadhamilton/Documents/GitHub/Remember/a-do/Models/ReminderModels.swift:170:1: note: in expansion of macro 'Model' on class 'ReminderList' here
@Model
^~~~~~
/Users/ahmadhamilton/Documents/GitHub/Remember/a-do/Models/ReminderModels.swift:170:1: note: in expansion of macro 'Model' on class 'ReminderList' here
@Model
^~~~~~
/Users/ahmadhamilton/Documents/GitHub/Remember/a-do/Utils/MemoryOptimization.swift:111:22: warning: non-Sendable type 'Task<[ReminderList], Never>' cannot exit main actor-isolated context in call to nonisolated property 'value'; this is an error in the Swift 6 language mode
        return await Task.detached {
                     ^
_Concurrency.Task:2:23: note: generic struct 'Task' does not conform to the 'Sendable' protocol
@frozen public struct Task<Success, Failure> : Sendable where Success : Sendable, Failure : Error {
                      ^
/Users/ahmadhamilton/Documents/GitHub/Remember/a-do/Utils/MemoryOptimization.swift:116:11: warning: non-Sendable type '[ReminderList]' of nonisolated property 'value' cannot be sent to main actor-isolated context; this is an error in the Swift 6 language mode
        }.value
          ^
Swift.Array:1:23: note: generic struct 'Array' does not conform to the 'Sendable' protocol
@frozen public struct Array<Element> : _DestructorSafeContainer {
                      ^
/Users/ahmadhamilton/Documents/GitHub/Remember/a-do/Utils/MemoryOptimization.swift:123:22: warning: conformance of 'Habit' to 'Sendable' is unavailable: PersistentModels are not Sendable, consider utilizing a ModelActor or use Habit's persistentModelID instead; this is an error in the Swift 6 language mode
        return await Task.detached {
                     ^
@__swiftmacro_4a_do5Habit5ModelfMe_.swift:9:1: note: conformance of 'Habit' to 'Sendable' has been explicitly marked unavailable here
extension Habit: Sendable {
^
/Users/ahmadhamilton/Documents/GitHub/Remember/a-do/Models/HabitModels.swift:12:1: note: in expansion of macro 'Model' on class 'Habit' here
@Model
^~~~~~
/Users/ahmadhamilton/Documents/GitHub/Remember/a-do/Models/HabitModels.swift:12:1: note: in expansion of macro 'Model' on class 'Habit' here
@Model
^~~~~~
/Users/ahmadhamilton/Documents/GitHub/Remember/a-do/Utils/MemoryOptimization.swift:123:27: warning: conformance of 'Habit' to 'Sendable' is unavailable: PersistentModels are not Sendable, consider utilizing a ModelActor or use Habit's persistentModelID instead; this is an error in the Swift 6 language mode
        return await Task.detached {
                          ^
@__swiftmacro_4a_do5Habit5ModelfMe_.swift:9:1: note: conformance of 'Habit' to 'Sendable' has been explicitly marked unavailable here
extension Habit: Sendable {
^
/Users/ahmadhamilton/Documents/GitHub/Remember/a-do/Models/HabitModels.swift:12:1: note: in expansion of macro 'Model' on class 'Habit' here
@Model
^~~~~~
/Users/ahmadhamilton/Documents/GitHub/Remember/a-do/Models/HabitModels.swift:12:1: note: in expansion of macro 'Model' on class 'Habit' here
@Model
^~~~~~
/Users/ahmadhamilton/Documents/GitHub/Remember/a-do/Utils/MemoryOptimization.swift:128:11: warning: conformance of 'Habit' to 'Sendable' is unavailable: PersistentModels are not Sendable, consider utilizing a ModelActor or use Habit's persistentModelID instead; this is an error in the Swift 6 language mode
        }.value
          ^
@__swiftmacro_4a_do5Habit5ModelfMe_.swift:9:1: note: conformance of 'Habit' to 'Sendable' has been explicitly marked unavailable here
extension Habit: Sendable {
^
/Users/ahmadhamilton/Documents/GitHub/Remember/a-do/Models/HabitModels.swift:12:1: note: in expansion of macro 'Model' on class 'Habit' here
@Model
^~~~~~
/Users/ahmadhamilton/Documents/GitHub/Remember/a-do/Models/HabitModels.swift:12:1: note: in expansion of macro 'Model' on class 'Habit' here
@Model
^~~~~~
/Users/ahmadhamilton/Documents/GitHub/Remember/a-do/Utils/MemoryOptimization.swift:123:22: warning: non-Sendable type 'Task<[Habit], Never>' cannot exit main actor-isolated context in call to nonisolated property 'value'; this is an error in the Swift 6 language mode
        return await Task.detached {
                     ^
_Concurrency.Task:2:23: note: generic struct 'Task' does not conform to the 'Sendable' protocol
@frozen public struct Task<Success, Failure> : Sendable where Success : Sendable, Failure : Error {
                      ^
/Users/ahmadhamilton/Documents/GitHub/Remember/a-do/Utils/MemoryOptimization.swift:128:11: warning: non-Sendable type '[Habit]' of nonisolated property 'value' cannot be sent to main actor-isolated context; this is an error in the Swift 6 language mode
        }.value
          ^
Swift.Array:1:23: note: generic struct 'Array' does not conform to the 'Sendable' protocol
@frozen public struct Array<Element> : _DestructorSafeContainer {
                      ^
/Users/ahmadhamilton/Documents/GitHub/Remember/a-do/Utils/MemoryOptimization.swift:135:22: warning: conformance of 'TimeEntry' to 'Sendable' is unavailable: PersistentModels are not Sendable, consider utilizing a ModelActor or use TimeEntry's persistentModelID instead; this is an error in the Swift 6 language mode
        return await Task.detached {
                     ^
@__swiftmacro_4a_do9TimeEntry5ModelfMe_.swift:9:1: note: conformance of 'TimeEntry' to 'Sendable' has been explicitly marked unavailable here
extension TimeEntry: Sendable {
^
/Users/ahmadhamilton/Documents/GitHub/Remember/a-do/Models/TimeTrackingModels.swift:12:1: note: in expansion of macro 'Model' on class 'TimeEntry' here
@Model
^~~~~~
/Users/ahmadhamilton/Documents/GitHub/Remember/a-do/Models/TimeTrackingModels.swift:12:1: note: in expansion of macro 'Model' on class 'TimeEntry' here
@Model
^~~~~~
/Users/ahmadhamilton/Documents/GitHub/Remember/a-do/Utils/MemoryOptimization.swift:135:27: warning: conformance of 'TimeEntry' to 'Sendable' is unavailable: PersistentModels are not Sendable, consider utilizing a ModelActor or use TimeEntry's persistentModelID instead; this is an error in the Swift 6 language mode
        return await Task.detached {
                          ^
@__swiftmacro_4a_do9TimeEntry5ModelfMe_.swift:9:1: note: conformance of 'TimeEntry' to 'Sendable' has been explicitly marked unavailable here
extension TimeEntry: Sendable {
^
/Users/ahmadhamilton/Documents/GitHub/Remember/a-do/Models/TimeTrackingModels.swift:12:1: note: in expansion of macro 'Model' on class 'TimeEntry' here
@Model
^~~~~~
/Users/ahmadhamilton/Documents/GitHub/Remember/a-do/Models/TimeTrackingModels.swift:12:1: note: in expansion of macro 'Model' on class 'TimeEntry' here
@Model
^~~~~~
/Users/ahmadhamilton/Documents/GitHub/Remember/a-do/Utils/MemoryOptimization.swift:140:11: warning: conformance of 'TimeEntry' to 'Sendable' is unavailable: PersistentModels are not Sendable, consider utilizing a ModelActor or use TimeEntry's persistentModelID instead; this is an error in the Swift 6 language mode
        }.value
          ^
@__swiftmacro_4a_do9TimeEntry5ModelfMe_.swift:9:1: note: conformance of 'TimeEntry' to 'Sendable' has been explicitly marked unavailable here
extension TimeEntry: Sendable {
^
/Users/ahmadhamilton/Documents/GitHub/Remember/a-do/Models/TimeTrackingModels.swift:12:1: note: in expansion of macro 'Model' on class 'TimeEntry' here
@Model
^~~~~~
/Users/ahmadhamilton/Documents/GitHub/Remember/a-do/Models/TimeTrackingModels.swift:12:1: note: in expansion of macro 'Model' on class 'TimeEntry' here
@Model
^~~~~~
/Users/ahmadhamilton/Documents/GitHub/Remember/a-do/Utils/MemoryOptimization.swift:135:22: warning: non-Sendable type 'Task<[TimeEntry], Never>' cannot exit main actor-isolated context in call to nonisolated property 'value'; this is an error in the Swift 6 language mode
        return await Task.detached {
                     ^
_Concurrency.Task:2:23: note: generic struct 'Task' does not conform to the 'Sendable' protocol
@frozen public struct Task<Success, Failure> : Sendable where Success : Sendable, Failure : Error {
                      ^
/Users/ahmadhamilton/Documents/GitHub/Remember/a-do/Utils/MemoryOptimization.swift:140:11: warning: non-Sendable type '[TimeEntry]' of nonisolated property 'value' cannot be sent to main actor-isolated context; this is an error in the Swift 6 language mode
        }.value
          ^
Swift.Array:1:23: note: generic struct 'Array' does not conform to the 'Sendable' protocol
@frozen public struct Array<Element> : _DestructorSafeContainer {
                      ^
/Users/ahmadhamilton/Documents/GitHub/Remember/a-do/Utils/MemoryOptimization.swift:147:22: warning: conformance of 'SharedReminder' to 'Sendable' is unavailable: PersistentModels are not Sendable, consider utilizing a ModelActor or use SharedReminder's persistentModelID instead; this is an error in the Swift 6 language mode
        return await Task.detached {
                     ^
@__swiftmacro_4a_do14SharedReminder5ModelfMe_.swift:9:1: note: conformance of 'SharedReminder' to 'Sendable' has been explicitly marked unavailable here
extension SharedReminder: Sendable {
^
/Users/ahmadhamilton/Documents/GitHub/Remember/a-do/Models/CollaborationModels.swift:58:1: note: in expansion of macro 'Model' on class 'SharedReminder' here
@Model
^~~~~~
/Users/ahmadhamilton/Documents/GitHub/Remember/a-do/Models/CollaborationModels.swift:58:1: note: in expansion of macro 'Model' on class 'SharedReminder' here
@Model
^~~~~~
/Users/ahmadhamilton/Documents/GitHub/Remember/a-do/Utils/MemoryOptimization.swift:147:27: warning: conformance of 'SharedReminder' to 'Sendable' is unavailable: PersistentModels are not Sendable, consider utilizing a ModelActor or use SharedReminder's persistentModelID instead; this is an error in the Swift 6 language mode
        return await Task.detached {
                          ^
@__swiftmacro_4a_do14SharedReminder5ModelfMe_.swift:9:1: note: conformance of 'SharedReminder' to 'Sendable' has been explicitly marked unavailable here
extension SharedReminder: Sendable {
^
/Users/ahmadhamilton/Documents/GitHub/Remember/a-do/Models/CollaborationModels.swift:58:1: note: in expansion of macro 'Model' on class 'SharedReminder' here
@Model
^~~~~~
/Users/ahmadhamilton/Documents/GitHub/Remember/a-do/Models/CollaborationModels.swift:58:1: note: in expansion of macro 'Model' on class 'SharedReminder' here
@Model
^~~~~~
/Users/ahmadhamilton/Documents/GitHub/Remember/a-do/Utils/MemoryOptimization.swift:152:11: warning: conformance of 'SharedReminder' to 'Sendable' is unavailable: PersistentModels are not Sendable, consider utilizing a ModelActor or use SharedReminder's persistentModelID instead; this is an error in the Swift 6 language mode
        }.value
          ^
@__swiftmacro_4a_do14SharedReminder5ModelfMe_.swift:9:1: note: conformance of 'SharedReminder' to 'Sendable' has been explicitly marked unavailable here
extension SharedReminder: Sendable {
^
/Users/ahmadhamilton/Documents/GitHub/Remember/a-do/Models/CollaborationModels.swift:58:1: note: in expansion of macro 'Model' on class 'SharedReminder' here
@Model
^~~~~~
/Users/ahmadhamilton/Documents/GitHub/Remember/a-do/Models/CollaborationModels.swift:58:1: note: in expansion of macro 'Model' on class 'SharedReminder' here
@Model
^~~~~~
/Users/ahmadhamilton/Documents/GitHub/Remember/a-do/Utils/MemoryOptimization.swift:147:22: warning: non-Sendable type 'Task<[SharedReminder], Never>' cannot exit main actor-isolated context in call to nonisolated property 'value'; this is an error in the Swift 6 language mode
        return await Task.detached {
                     ^
_Concurrency.Task:2:23: note: generic struct 'Task' does not conform to the 'Sendable' protocol
@frozen public struct Task<Success, Failure> : Sendable where Success : Sendable, Failure : Error {
                      ^
/Users/ahmadhamilton/Documents/GitHub/Remember/a-do/Utils/MemoryOptimization.swift:152:11: warning: non-Sendable type '[SharedReminder]' of nonisolated property 'value' cannot be sent to main actor-isolated context; this is an error in the Swift 6 language mode
        }.value
          ^
Swift.Array:1:23: note: generic struct 'Array' does not conform to the 'Sendable' protocol
@frozen public struct Array<Element> : _DestructorSafeContainer {
                      ^

SwiftCompile normal arm64 /Users/ahmadhamilton/Documents/GitHub/Remember/a-do/Utils/SecurityUtils.swift (in target 'a-do' from project 'a-do')
    cd /Users/ahmadhamilton/Documents/GitHub/Remember
    

SwiftCompile normal arm64 /Users/ahmadhamilton/Documents/GitHub/Remember/a-do/Utils/UserDefaults+AppGroup.swift (in target 'a-do' from project 'a-do')
    cd /Users/ahmadhamilton/Documents/GitHub/Remember
    

SwiftCompile normal arm64 /Users/ahmadhamilton/Documents/GitHub/Remember/a-do/ViewModels/HabitViewModels.swift (in target 'a-do' from project 'a-do')
    cd /Users/ahmadhamilton/Documents/GitHub/Remember
    
/Users/ahmadhamilton/Documents/GitHub/Remember/a-do/ViewModels/HabitViewModels.swift:153:13: warning: initialization of immutable value 'wasCompleted' was never used; consider replacing with assignment to '_' or removing it
        let wasCompleted = habit.isCompletedToday
        ~~~~^~~~~~~~~~~~
        _

SwiftCompile normal arm64 /Users/ahmadhamilton/Documents/GitHub/Remember/a-do/ViewModels/ReminderViewModels.swift (in target 'a-do' from project 'a-do')
    cd /Users/ahmadhamilton/Documents/GitHub/Remember
    

SwiftCompile normal arm64 /Users/ahmadhamilton/Documents/GitHub/Remember/a-do/ViewModels/SmartListEngine.swift (in target 'a-do' from project 'a-do')
    cd /Users/ahmadhamilton/Documents/GitHub/Remember
    
/Users/ahmadhamilton/Documents/GitHub/Remember/a-do/ViewModels/SmartListEngine.swift:40:24: warning: value 'tagName' was defined but never used; consider replacing with boolean test
                if let tagName = rule.tagName {
                   ~~~~^~~~~~~~~~
                                              != nil

SwiftCompile normal arm64 Compiling\ CollaborationViewWrapper.swift,\ CreateListView.swift,\ EditWorkspaceView.swift,\ ShareReminderView.swift,\ WorkspaceDetailView.swift,\ WorkspaceMembersView.swift,\ AppleNoteAttachmentView.swift,\ FlowLayout.swift,\ GlassCard.swift,\ ImportRemindersView.swift /Users/ahmadhamilton/Documents/GitHub/Remember/a-do/Views/Collaboration/CollaborationViewWrapper.swift /Users/ahmadhamilton/Documents/GitHub/Remember/a-do/Views/Collaboration/CreateListView.swift /Users/ahmadhamilton/Documents/GitHub/Remember/a-do/Views/Collaboration/EditWorkspaceView.swift /Users/ahmadhamilton/Documents/GitHub/Remember/a-do/Views/Collaboration/ShareReminderView.swift /Users/ahmadhamilton/Documents/GitHub/Remember/a-do/Views/Collaboration/WorkspaceDetailView.swift /Users/ahmadhamilton/Documents/GitHub/Remember/a-do/Views/Collaboration/WorkspaceMembersView.swift /Users/ahmadhamilton/Documents/GitHub/Remember/a-do/Views/Components/AppleNoteAttachmentView.swift /Users/ahmadhamilton/Documents/GitHub/Remember/a-do/Views/Components/FlowLayout.swift /Users/ahmadhamilton/Documents/GitHub/Remember/a-do/Views/Components/GlassCard.swift /Users/ahmadhamilton/Documents/GitHub/Remember/a-do/Views/Components/ImportRemindersView.swift (in target 'a-do' from project 'a-do')

SwiftCompile normal arm64 /Users/ahmadhamilton/Documents/GitHub/Remember/a-do/Views/Collaboration/CollaborationViewWrapper.swift (in target 'a-do' from project 'a-do')
    cd /Users/ahmadhamilton/Documents/GitHub/Remember
    

SwiftCompile normal arm64 /Users/ahmadhamilton/Documents/GitHub/Remember/a-do/Views/Collaboration/CreateListView.swift (in target 'a-do' from project 'a-do')
    cd /Users/ahmadhamilton/Documents/GitHub/Remember
    

SwiftCompile normal arm64 /Users/ahmadhamilton/Documents/GitHub/Remember/a-do/Views/Collaboration/EditWorkspaceView.swift (in target 'a-do' from project 'a-do')
    cd /Users/ahmadhamilton/Documents/GitHub/Remember
    

SwiftCompile normal arm64 /Users/ahmadhamilton/Documents/GitHub/Remember/a-do/Views/Collaboration/ShareReminderView.swift (in target 'a-do' from project 'a-do')
    cd /Users/ahmadhamilton/Documents/GitHub/Remember
    

SwiftCompile normal arm64 /Users/ahmadhamilton/Documents/GitHub/Remember/a-do/Views/Collaboration/WorkspaceDetailView.swift (in target 'a-do' from project 'a-do')
    cd /Users/ahmadhamilton/Documents/GitHub/Remember
    

SwiftCompile normal arm64 /Users/ahmadhamilton/Documents/GitHub/Remember/a-do/Views/Collaboration/WorkspaceMembersView.swift (in target 'a-do' from project 'a-do')
    cd /Users/ahmadhamilton/Documents/GitHub/Remember
    

SwiftCompile normal arm64 /Users/ahmadhamilton/Documents/GitHub/Remember/a-do/Views/Components/AppleNoteAttachmentView.swift (in target 'a-do' from project 'a-do')
    cd /Users/ahmadhamilton/Documents/GitHub/Remember
    

SwiftCompile normal arm64 /Users/ahmadhamilton/Documents/GitHub/Remember/a-do/Views/Components/FlowLayout.swift (in target 'a-do' from project 'a-do')
    cd /Users/ahmadhamilton/Documents/GitHub/Remember
    

SwiftCompile normal arm64 /Users/ahmadhamilton/Documents/GitHub/Remember/a-do/Views/Components/GlassCard.swift (in target 'a-do' from project 'a-do')
    cd /Users/ahmadhamilton/Documents/GitHub/Remember
    

SwiftCompile normal arm64 /Users/ahmadhamilton/Documents/GitHub/Remember/a-do/Views/Components/ImportRemindersView.swift (in target 'a-do' from project 'a-do')
    cd /Users/ahmadhamilton/Documents/GitHub/Remember
    

SwiftCompile normal arm64 Compiling\ PaywallView.swift,\ SubscriptionManagementView.swift,\ TagsView.swift,\ CreateRecurringReminderView.swift,\ CreateTemplateView.swift,\ EditRecurringReminderView.swift,\ EditTemplateView.swift,\ RecurringReminderDetailView.swift,\ TemplateDetailView.swift /Users/ahmadhamilton/Documents/GitHub/Remember/a-do/Views/Subscription/PaywallView.swift /Users/ahmadhamilton/Documents/GitHub/Remember/a-do/Views/Subscription/SubscriptionManagementView.swift /Users/ahmadhamilton/Documents/GitHub/Remember/a-do/Views/Tags/TagsView.swift /Users/ahmadhamilton/Documents/GitHub/Remember/a-do/Views/Templates/CreateRecurringReminderView.swift /Users/ahmadhamilton/Documents/GitHub/Remember/a-do/Views/Templates/CreateTemplateView.swift /Users/ahmadhamilton/Documents/GitHub/Remember/a-do/Views/Templates/EditRecurringReminderView.swift /Users/ahmadhamilton/Documents/GitHub/Remember/a-do/Views/Templates/EditTemplateView.swift /Users/ahmadhamilton/Documents/GitHub/Remember/a-do/Views/Templates/RecurringReminderDetailView.swift /Users/ahmadhamilton/Documents/GitHub/Remember/a-do/Views/Templates/TemplateDetailView.swift (in target 'a-do' from project 'a-do')

SwiftCompile normal arm64 /Users/ahmadhamilton/Documents/GitHub/Remember/a-do/Views/Subscription/PaywallView.swift (in target 'a-do' from project 'a-do')
    cd /Users/ahmadhamilton/Documents/GitHub/Remember
    

SwiftCompile normal arm64 /Users/ahmadhamilton/Documents/GitHub/Remember/a-do/Views/Subscription/SubscriptionManagementView.swift (in target 'a-do' from project 'a-do')
    cd /Users/ahmadhamilton/Documents/GitHub/Remember
    

SwiftCompile normal arm64 /Users/ahmadhamilton/Documents/GitHub/Remember/a-do/Views/Tags/TagsView.swift (in target 'a-do' from project 'a-do')
    cd /Users/ahmadhamilton/Documents/GitHub/Remember
    

SwiftCompile normal arm64 /Users/ahmadhamilton/Documents/GitHub/Remember/a-do/Views/Templates/CreateRecurringReminderView.swift (in target 'a-do' from project 'a-do')
    cd /Users/ahmadhamilton/Documents/GitHub/Remember
    

SwiftCompile normal arm64 /Users/ahmadhamilton/Documents/GitHub/Remember/a-do/Views/Templates/CreateTemplateView.swift (in target 'a-do' from project 'a-do')
    cd /Users/ahmadhamilton/Documents/GitHub/Remember
    

SwiftCompile normal arm64 /Users/ahmadhamilton/Documents/GitHub/Remember/a-do/Views/Templates/EditRecurringReminderView.swift (in target 'a-do' from project 'a-do')
    cd /Users/ahmadhamilton/Documents/GitHub/Remember
    

SwiftCompile normal arm64 /Users/ahmadhamilton/Documents/GitHub/Remember/a-do/Views/Templates/EditTemplateView.swift (in target 'a-do' from project 'a-do')
    cd /Users/ahmadhamilton/Documents/GitHub/Remember
    

SwiftCompile normal arm64 /Users/ahmadhamilton/Documents/GitHub/Remember/a-do/Views/Templates/RecurringReminderDetailView.swift (in target 'a-do' from project 'a-do')
    cd /Users/ahmadhamilton/Documents/GitHub/Remember
    

SwiftCompile normal arm64 /Users/ahmadhamilton/Documents/GitHub/Remember/a-do/Views/Templates/TemplateDetailView.swift (in target 'a-do' from project 'a-do')
    cd /Users/ahmadhamilton/Documents/GitHub/Remember
    

SwiftCompile normal arm64 Compiling\ HealthModels.swift,\ RecurringModels.swift,\ ReminderModels.swift,\ SearchModels.swift,\ SmartNotificationModels.swift,\ SubscriptionModels.swift,\ TimeTrackingModels.swift,\ AppContainer.swift,\ AppRouter.swift,\ SwiftDataUtils.swift /Users/ahmadhamilton/Documents/GitHub/Remember/a-do/Models/HealthModels.swift /Users/ahmadhamilton/Documents/GitHub/Remember/a-do/Models/RecurringModels.swift /Users/ahmadhamilton/Documents/GitHub/Remember/a-do/Models/ReminderModels.swift /Users/ahmadhamilton/Documents/GitHub/Remember/a-do/Models/SearchModels.swift /Users/ahmadhamilton/Documents/GitHub/Remember/a-do/Models/SmartNotificationModels.swift /Users/ahmadhamilton/Documents/GitHub/Remember/a-do/Models/SubscriptionModels.swift /Users/ahmadhamilton/Documents/GitHub/Remember/a-do/Models/TimeTrackingModels.swift /Users/ahmadhamilton/Documents/GitHub/Remember/a-do/Shared/AppContainer.swift /Users/ahmadhamilton/Documents/GitHub/Remember/a-do/Shared/AppRouter.swift /Users/ahmadhamilton/Documents/GitHub/Remember/a-do/Shared/SwiftDataUtils.swift (in target 'a-do' from project 'a-do')

SwiftCompile normal arm64 /Users/ahmadhamilton/Documents/GitHub/Remember/a-do/Models/HealthModels.swift (in target 'a-do' from project 'a-do')
    cd /Users/ahmadhamilton/Documents/GitHub/Remember
    

SwiftCompile normal arm64 /Users/ahmadhamilton/Documents/GitHub/Remember/a-do/Models/RecurringModels.swift (in target 'a-do' from project 'a-do')
    cd /Users/ahmadhamilton/Documents/GitHub/Remember
    

SwiftCompile normal arm64 /Users/ahmadhamilton/Documents/GitHub/Remember/a-do/Models/ReminderModels.swift (in target 'a-do' from project 'a-do')
    cd /Users/ahmadhamilton/Documents/GitHub/Remember
    

SwiftCompile normal arm64 /Users/ahmadhamilton/Documents/GitHub/Remember/a-do/Models/SearchModels.swift (in target 'a-do' from project 'a-do')
    cd /Users/ahmadhamilton/Documents/GitHub/Remember
    

SwiftCompile normal arm64 /Users/ahmadhamilton/Documents/GitHub/Remember/a-do/Models/SmartNotificationModels.swift (in target 'a-do' from project 'a-do')
    cd /Users/ahmadhamilton/Documents/GitHub/Remember
    

SwiftCompile normal arm64 /Users/ahmadhamilton/Documents/GitHub/Remember/a-do/Models/SubscriptionModels.swift (in target 'a-do' from project 'a-do')
    cd /Users/ahmadhamilton/Documents/GitHub/Remember
    

SwiftCompile normal arm64 /Users/ahmadhamilton/Documents/GitHub/Remember/a-do/Models/TimeTrackingModels.swift (in target 'a-do' from project 'a-do')
    cd /Users/ahmadhamilton/Documents/GitHub/Remember
    

SwiftCompile normal arm64 /Users/ahmadhamilton/Documents/GitHub/Remember/a-do/Shared/AppContainer.swift (in target 'a-do' from project 'a-do')
    cd /Users/ahmadhamilton/Documents/GitHub/Remember
    

SwiftCompile normal arm64 /Users/ahmadhamilton/Documents/GitHub/Remember/a-do/Shared/AppRouter.swift (in target 'a-do' from project 'a-do')
    cd /Users/ahmadhamilton/Documents/GitHub/Remember
    

SwiftCompile normal arm64 /Users/ahmadhamilton/Documents/GitHub/Remember/a-do/Shared/SwiftDataUtils.swift (in target 'a-do' from project 'a-do')
    cd /Users/ahmadhamilton/Documents/GitHub/Remember
    

ConstructStubExecutorLinkFileList /Users/ahmadhamilton/Library/Developer/Xcode/DerivedData/a-do-bftrwaswllkyrrgwbkjoeerjxfwv/Build/Intermediates.noindex/a-do.build/Debug-iphonesimulator/a-do\ WidgetExtension.build/a-do\ WidgetExtension-ExecutorLinkFileList-normal-arm64.txt (in target 'a-do WidgetExtension' from project 'a-do')
    cd /Users/ahmadhamilton/Documents/GitHub/Remember
    construct-stub-executor-link-file-list /Users/ahmadhamilton/Library/Developer/Xcode/DerivedData/a-do-bftrwaswllkyrrgwbkjoeerjxfwv/Build/Intermediates.noindex/a-do.build/Debug-iphonesimulator/a-do\ WidgetExtension.build/Objects-normal/arm64/Binary/a-do\ WidgetExtension.debug.dylib /Applications/Xcode.app/Contents/Developer/Platforms/iPhoneSimulator.platform/Developer/usr/lib/libPreviewsJITStubExecutor_no_swift_entry_point.a /Applications/Xcode.app/Contents/Developer/Platforms/iPhoneSimulator.platform/Developer/usr/lib/libPreviewsJITStubExecutor.a --output /Users/ahmadhamilton/Library/Developer/Xcode/DerivedData/a-do-bftrwaswllkyrrgwbkjoeerjxfwv/Build/Intermediates.noindex/a-do.build/Debug-iphonesimulator/a-do\ WidgetExtension.build/a-do\ WidgetExtension-ExecutorLinkFileList-normal-arm64.txt
note: Using stub executor library with Swift entry point. (in target 'a-do WidgetExtension' from project 'a-do')

SwiftCompile normal arm64 Compiling\ TranslationManager.swift,\ VisualIntelligenceManager.swift,\ AdvancedSmartListModels.swift,\ AIModels.swift,\ AppSettings.swift,\ BackupModels.swift,\ CollaborationModels.swift,\ FocusModeModels.swift,\ GamificationModels.swift,\ HabitModels.swift /Users/ahmadhamilton/Documents/GitHub/Remember/a-do/Managers/TranslationManager.swift /Users/ahmadhamilton/Documents/GitHub/Remember/a-do/Managers/VisualIntelligenceManager.swift /Users/ahmadhamilton/Documents/GitHub/Remember/a-do/Models/AdvancedSmartListModels.swift /Users/ahmadhamilton/Documents/GitHub/Remember/a-do/Models/AIModels.swift /Users/ahmadhamilton/Documents/GitHub/Remember/a-do/Models/AppSettings.swift /Users/ahmadhamilton/Documents/GitHub/Remember/a-do/Models/BackupModels.swift /Users/ahmadhamilton/Documents/GitHub/Remember/a-do/Models/CollaborationModels.swift /Users/ahmadhamilton/Documents/GitHub/Remember/a-do/Models/FocusModeModels.swift /Users/ahmadhamilton/Documents/GitHub/Remember/a-do/Models/GamificationModels.swift /Users/ahmadhamilton/Documents/GitHub/Remember/a-do/Models/HabitModels.swift (in target 'a-do' from project 'a-do')

SwiftCompile normal arm64 /Users/ahmadhamilton/Documents/GitHub/Remember/a-do/Managers/TranslationManager.swift (in target 'a-do' from project 'a-do')
    cd /Users/ahmadhamilton/Documents/GitHub/Remember
    

SwiftCompile normal arm64 /Users/ahmadhamilton/Documents/GitHub/Remember/a-do/Managers/VisualIntelligenceManager.swift (in target 'a-do' from project 'a-do')
    cd /Users/ahmadhamilton/Documents/GitHub/Remember
    

SwiftCompile normal arm64 /Users/ahmadhamilton/Documents/GitHub/Remember/a-do/Models/AdvancedSmartListModels.swift (in target 'a-do' from project 'a-do')
    cd /Users/ahmadhamilton/Documents/GitHub/Remember
    

SwiftCompile normal arm64 /Users/ahmadhamilton/Documents/GitHub/Remember/a-do/Models/AIModels.swift (in target 'a-do' from project 'a-do')
    cd /Users/ahmadhamilton/Documents/GitHub/Remember
    

SwiftCompile normal arm64 /Users/ahmadhamilton/Documents/GitHub/Remember/a-do/Models/AppSettings.swift (in target 'a-do' from project 'a-do')
    cd /Users/ahmadhamilton/Documents/GitHub/Remember
    

SwiftCompile normal arm64 /Users/ahmadhamilton/Documents/GitHub/Remember/a-do/Models/BackupModels.swift (in target 'a-do' from project 'a-do')
    cd /Users/ahmadhamilton/Documents/GitHub/Remember
    

SwiftCompile normal arm64 /Users/ahmadhamilton/Documents/GitHub/Remember/a-do/Models/CollaborationModels.swift (in target 'a-do' from project 'a-do')
    cd /Users/ahmadhamilton/Documents/GitHub/Remember
    

SwiftCompile normal arm64 /Users/ahmadhamilton/Documents/GitHub/Remember/a-do/Models/FocusModeModels.swift (in target 'a-do' from project 'a-do')
    cd /Users/ahmadhamilton/Documents/GitHub/Remember
    

SwiftCompile normal arm64 /Users/ahmadhamilton/Documents/GitHub/Remember/a-do/Models/GamificationModels.swift (in target 'a-do' from project 'a-do')
    cd /Users/ahmadhamilton/Documents/GitHub/Remember
    

SwiftCompile normal arm64 /Users/ahmadhamilton/Documents/GitHub/Remember/a-do/Models/HabitModels.swift (in target 'a-do' from project 'a-do')
    cd /Users/ahmadhamilton/Documents/GitHub/Remember
    

Ld /Users/ahmadhamilton/Library/Developer/Xcode/DerivedData/a-do-bftrwaswllkyrrgwbkjoeerjxfwv/Build/Intermediates.noindex/a-do.build/Debug-iphonesimulator/a-do\ WidgetExtension.build/Objects-normal/arm64/Binary/a-do\ WidgetExtension normal arm64 (in target 'a-do WidgetExtension' from project 'a-do')
    cd /Users/ahmadhamilton/Documents/GitHub/Remember
    /Applications/Xcode.app/Contents/Developer/Toolchains/XcodeDefault.xctoolchain/usr/bin/clang -Xlinker -reproducible -target arm64-apple-ios26.0-simulator -isysroot /Applications/Xcode.app/Contents/Developer/Platforms/iPhoneSimulator.platform/Developer/SDKs/iPhoneSimulator26.0.sdk -O0 -L/Users/ahmadhamilton/Library/Developer/Xcode/DerivedData/a-do-bftrwaswllkyrrgwbkjoeerjxfwv/Build/Products/Debug-iphonesimulator -F/Users/ahmadhamilton/Library/Developer/Xcode/DerivedData/a-do-bftrwaswllkyrrgwbkjoeerjxfwv/Build/Products/Debug-iphonesimulator -Xlinker -rpath -Xlinker @executable_path -Xlinker -rpath -Xlinker @executable_path/Frameworks -Xlinker -rpath -Xlinker @executable_path/../../Frameworks -rdynamic -Xlinker -no_deduplicate -Xlinker -objc_abi_version -Xlinker 2 -e ___debug_blank_executor_main -Xlinker -sectcreate -Xlinker __TEXT -Xlinker __debug_dylib -Xlinker /Users/ahmadhamilton/Library/Developer/Xcode/DerivedData/a-do-bftrwaswllkyrrgwbkjoeerjxfwv/Build/Intermediates.noindex/a-do.build/Debug-iphonesimulator/a-do\ WidgetExtension.build/a-do\ WidgetExtension-DebugDylibPath-normal-arm64.txt -Xlinker -sectcreate -Xlinker __TEXT -Xlinker __debug_entry -Xlinker /Users/ahmadhamilton/Library/Developer/Xcode/DerivedData/a-do-bftrwaswllkyrrgwbkjoeerjxfwv/Build/Intermediates.noindex/a-do.build/Debug-iphonesimulator/a-do\ WidgetExtension.build/a-do\ WidgetExtension-DebugEntryPoint-normal-arm64.txt -Xlinker -sectcreate -Xlinker __TEXT -Xlinker __debug_instlnm -Xlinker /Users/ahmadhamilton/Library/Developer/Xcode/DerivedData/a-do-bftrwaswllkyrrgwbkjoeerjxfwv/Build/Intermediates.noindex/a-do.build/Debug-iphonesimulator/a-do\ WidgetExtension.build/a-do\ WidgetExtension-DebugDylibInstallName-normal-arm64.txt -Xlinker -filelist -Xlinker /Users/ahmadhamilton/Library/Developer/Xcode/DerivedData/a-do-bftrwaswllkyrrgwbkjoeerjxfwv/Build/Intermediates.noindex/a-do.build/Debug-iphonesimulator/a-do\ WidgetExtension.build/a-do\ WidgetExtension-ExecutorLinkFileList-normal-arm64.txt -Xlinker -sectcreate -Xlinker __TEXT -Xlinker __entitlements -Xlinker /Users/ahmadhamilton/Library/Developer/Xcode/DerivedData/a-do-bftrwaswllkyrrgwbkjoeerjxfwv/Build/Intermediates.noindex/a-do.build/Debug-iphonesimulator/a-do\ WidgetExtension.build/a-do\ WidgetExtension.appex-Simulated.xcent -Xlinker -sectcreate -Xlinker __TEXT -Xlinker __ents_der -Xlinker /Users/ahmadhamilton/Library/Developer/Xcode/DerivedData/a-do-bftrwaswllkyrrgwbkjoeerjxfwv/Build/Intermediates.noindex/a-do.build/Debug-iphonesimulator/a-do\ WidgetExtension.build/a-do\ WidgetExtension.appex-Simulated.xcent.der /Users/ahmadhamilton/Library/Developer/Xcode/DerivedData/a-do-bftrwaswllkyrrgwbkjoeerjxfwv/Build/Intermediates.noindex/a-do.build/Debug-iphonesimulator/a-do\ WidgetExtension.build/Objects-normal/arm64/Binary/a-do\ WidgetExtension.debug.dylib -Xlinker -no_adhoc_codesign -o /Users/ahmadhamilton/Library/Developer/Xcode/DerivedData/a-do-bftrwaswllkyrrgwbkjoeerjxfwv/Build/Intermediates.noindex/a-do.build/Debug-iphonesimulator/a-do\ WidgetExtension.build/Objects-normal/arm64/Binary/a-do\ WidgetExtension

SwiftDriverJobDiscovery normal x86_64 Compiling HabitWidgetBundle.swift (in target 'a-do WidgetExtension' from project 'a-do')

SwiftExplicitDependencyGeneratePcm x86_64 /Users/ahmadhamilton/Library/Developer/Xcode/DerivedData/ModuleCache.noindex/PencilKit-94C4X743JIQ56HEY45EKN0S1J.pcm

SwiftCompile normal arm64 Compiling\ TemplatesView.swift,\ CreateTimeGoalView.swift,\ EditTimeGoalView.swift,\ TimeAnalyticsView.swift,\ TimeAnalyticsViewWrapper.swift,\ TimeGoalDetailView.swift,\ TimeGoalsView.swift,\ TimeHistoryView.swift,\ TimeTrackingView.swift /Users/ahmadhamilton/Documents/GitHub/Remember/a-do/Views/Templates/TemplatesView.swift /Users/ahmadhamilton/Documents/GitHub/Remember/a-do/Views/TimeTracking/CreateTimeGoalView.swift /Users/ahmadhamilton/Documents/GitHub/Remember/a-do/Views/TimeTracking/EditTimeGoalView.swift /Users/ahmadhamilton/Documents/GitHub/Remember/a-do/Views/TimeTracking/TimeAnalyticsView.swift /Users/ahmadhamilton/Documents/GitHub/Remember/a-do/Views/TimeTracking/TimeAnalyticsViewWrapper.swift /Users/ahmadhamilton/Documents/GitHub/Remember/a-do/Views/TimeTracking/TimeGoalDetailView.swift /Users/ahmadhamilton/Documents/GitHub/Remember/a-do/Views/TimeTracking/TimeGoalsView.swift /Users/ahmadhamilton/Documents/GitHub/Remember/a-do/Views/TimeTracking/TimeHistoryView.swift /Users/ahmadhamilton/Documents/GitHub/Remember/a-do/Views/TimeTracking/TimeTrackingView.swift (in target 'a-do' from project 'a-do')

SwiftCompile normal arm64 /Users/ahmadhamilton/Documents/GitHub/Remember/a-do/Views/Templates/TemplatesView.swift (in target 'a-do' from project 'a-do')
    cd /Users/ahmadhamilton/Documents/GitHub/Remember
    

SwiftCompile normal arm64 /Users/ahmadhamilton/Documents/GitHub/Remember/a-do/Views/TimeTracking/CreateTimeGoalView.swift (in target 'a-do' from project 'a-do')
    cd /Users/ahmadhamilton/Documents/GitHub/Remember
    

SwiftCompile normal arm64 /Users/ahmadhamilton/Documents/GitHub/Remember/a-do/Views/TimeTracking/EditTimeGoalView.swift (in target 'a-do' from project 'a-do')
    cd /Users/ahmadhamilton/Documents/GitHub/Remember
    

SwiftCompile normal arm64 /Users/ahmadhamilton/Documents/GitHub/Remember/a-do/Views/TimeTracking/TimeAnalyticsView.swift (in target 'a-do' from project 'a-do')
    cd /Users/ahmadhamilton/Documents/GitHub/Remember
    

SwiftCompile normal arm64 /Users/ahmadhamilton/Documents/GitHub/Remember/a-do/Views/TimeTracking/TimeAnalyticsViewWrapper.swift (in target 'a-do' from project 'a-do')
    cd /Users/ahmadhamilton/Documents/GitHub/Remember
    

SwiftCompile normal arm64 /Users/ahmadhamilton/Documents/GitHub/Remember/a-do/Views/TimeTracking/TimeGoalDetailView.swift (in target 'a-do' from project 'a-do')
    cd /Users/ahmadhamilton/Documents/GitHub/Remember
    

SwiftCompile normal arm64 /Users/ahmadhamilton/Documents/GitHub/Remember/a-do/Views/TimeTracking/TimeGoalsView.swift (in target 'a-do' from project 'a-do')
    cd /Users/ahmadhamilton/Documents/GitHub/Remember
    

SwiftCompile normal arm64 /Users/ahmadhamilton/Documents/GitHub/Remember/a-do/Views/TimeTracking/TimeHistoryView.swift (in target 'a-do' from project 'a-do')
    cd /Users/ahmadhamilton/Documents/GitHub/Remember
    

SwiftCompile normal arm64 /Users/ahmadhamilton/Documents/GitHub/Remember/a-do/Views/TimeTracking/TimeTrackingView.swift (in target 'a-do' from project 'a-do')
    cd /Users/ahmadhamilton/Documents/GitHub/Remember
    

SwiftDriverJobDiscovery normal x86_64 Compiling HabitWidget.swift (in target 'a-do WidgetExtension' from project 'a-do')

SwiftCompile normal arm64 Compiling\ HealthKitManager.swift,\ InteractiveWidgetManager.swift,\ JournalIntegrationManager.swift,\ LiveActivityManager.swift,\ LocationManager.swift,\ MLPatternRecognitionManager.swift,\ NaturalLanguageProcessor.swift,\ NotesManager.swift,\ NotificationManager.swift,\ RealNotesManager.swift /Users/ahmadhamilton/Documents/GitHub/Remember/a-do/Managers/HealthKitManager.swift /Users/ahmadhamilton/Documents/GitHub/Remember/a-do/Managers/InteractiveWidgetManager.swift /Users/ahmadhamilton/Documents/GitHub/Remember/a-do/Managers/JournalIntegrationManager.swift /Users/ahmadhamilton/Documents/GitHub/Remember/a-do/Managers/LiveActivityManager.swift /Users/ahmadhamilton/Documents/GitHub/Remember/a-do/Managers/LocationManager.swift /Users/ahmadhamilton/Documents/GitHub/Remember/a-do/Managers/MLPatternRecognitionManager.swift /Users/ahmadhamilton/Documents/GitHub/Remember/a-do/Managers/NaturalLanguageProcessor.swift /Users/ahmadhamilton/Documents/GitHub/Remember/a-do/Managers/NotesManager.swift /Users/ahmadhamilton/Documents/GitHub/Remember/a-do/Managers/NotificationManager.swift /Users/ahmadhamilton/Documents/GitHub/Remember/a-do/Managers/RealNotesManager.swift (in target 'a-do' from project 'a-do')
Failed frontend command:
/Applications/Xcode.app/Contents/Developer/Toolchains/XcodeDefault.xctoolchain/usr/bin/swift-frontend -frontend -c -filelist /Users/ahmadhamilton/Library/Developer/Xcode/DerivedData/a-do-bftrwaswllkyrrgwbkjoeerjxfwv/Build/Intermediates.noindex/a-do.build/Debug-iphonesimulator/a-do.build/Objects-normal/arm64/sources-1 -primary-file /Users/ahmadhamilton/Documents/GitHub/Remember/a-do/Managers/HealthKitManager.swift -primary-file /Users/ahmadhamilton/Documents/GitHub/Remember/a-do/Managers/InteractiveWidgetManager.swift -primary-file /Users/ahmadhamilton/Documents/GitHub/Remember/a-do/Managers/JournalIntegrationManager.swift -primary-file /Users/ahmadhamilton/Documents/GitHub/Remember/a-do/Managers/LiveActivityManager.swift -primary-file /Users/ahmadhamilton/Documents/GitHub/Remember/a-do/Managers/LocationManager.swift -primary-file /Users/ahmadhamilton/Documents/GitHub/Remember/a-do/Managers/MLPatternRecognitionManager.swift -primary-file /Users/ahmadhamilton/Documents/GitHub/Remember/a-do/Managers/NaturalLanguageProcessor.swift -primary-file /Users/ahmadhamilton/Documents/GitHub/Remember/a-do/Managers/NotesManager.swift -primary-file /Users/ahmadhamilton/Documents/GitHub/Remember/a-do/Managers/NotificationManager.swift -primary-file /Users/ahmadhamilton/Documents/GitHub/Remember/a-do/Managers/RealNotesManager.swift -supplementary-output-file-map /Users/ahmadhamilton/Library/Developer/Xcode/DerivedData/a-do-bftrwaswllkyrrgwbkjoeerjxfwv/Build/Intermediates.noindex/a-do.build/Debug-iphonesimulator/a-do.build/Objects-normal/arm64/supplementaryOutputs-3 -emit-localized-strings -emit-localized-strings-path /Users/ahmadhamilton/Library/Developer/Xcode/DerivedData/a-do-bftrwaswllkyrrgwbkjoeerjxfwv/Build/Intermediates.noindex/a-do.build/Debug-iphonesimulator/a-do.build/Objects-normal/arm64 -target arm64-apple-ios18.0-simulator -module-can-import-version CoreLocation 53 3056.0.25 -module-can-import-version DeveloperToolsSupport 23.0.4 23.0.4 -module-can-import-version MapKit 14.30.6.27 14.0.0 -module-can-import-version SwiftUI 7.0.84.1 7.0.84 -module-can-import-version UIKit 9088.1.113 9088.1.113 -disable-cross-import-overlay-search -swift-module-cross-import AppIntents /Applications/Xcode.app/Contents/Developer/Platforms/iPhoneSimulator.platform/Developer/SDKs/iPhoneSimulator.sdk/System/Library/Frameworks/AppIntents.framework/Modules/AppIntents.swiftcrossimport/SwiftUI.swiftoverlay -swift-module-cross-import AppIntents /Applications/Xcode.app/Contents/Developer/Platforms/iPhoneSimulator.platform/Developer/SDKs/iPhoneSimulator.sdk/System/Library/Frameworks/AppIntents.framework/Modules/AppIntents.swiftcrossimport/UIKit.swiftoverlay -swift-module-cross-import AppIntents /Applications/Xcode.app/Contents/Developer/Platforms/iPhoneSimulator.platform/Developer/SDKs/iPhoneSimulator26.0.sdk/System/Library/Frameworks/AppIntents.framework/Modules/AppIntents.swiftcrossimport/SwiftUI.swiftoverlay -swift-module-cross-import AppIntents /Applications/Xcode.app/Contents/Developer/Platforms/iPhoneSimulator.platform/Developer/SDKs/iPhoneSimulator26.0.sdk/System/Library/Frameworks/AppIntents.framework/Modules/AppIntents.swiftcrossimport/UIKit.swiftoverlay -swift-module-cross-import GroupActivities /Applications/Xcode.app/Contents/Developer/Platforms/iPhoneSimulator.platform/Developer/SDKs/iPhoneSimulator.sdk/System/Library/Frameworks/GroupActivities.framework/Modules/GroupActivities.swiftcrossimport/UIKit.swiftoverlay -swift-module-cross-import GroupActivities /Applications/Xcode.app/Contents/Developer/Platforms/iPhoneSimulator.platform/Developer/SDKs/iPhoneSimulator26.0.sdk/System/Library/Frameworks/GroupActivities.framework/Modules/GroupActivities.swiftcrossimport/UIKit.swiftoverlay -swift-module-cross-import MapKit /Applications/Xcode.app/Contents/Developer/Platforms/iPhoneSimulator.platform/Developer/SDKs/iPhoneSimulator.sdk/System/Library/Frameworks/MapKit.framework/Modules/MapKit.swiftcrossimport/SwiftUI.swiftoverlay -swift-module-cross-import RelevanceKit /Applications/Xcode.app/Contents/Developer/Platforms/iPhoneSimulator.platform/Developer/SDKs/iPhoneSimulator.sdk/System/Library/Frameworks/RelevanceKit.framework/Modules/RelevanceKit.swiftcrossimport/MapKit.swiftoverlay -swift-module-cross-import RelevanceKit /Applications/Xcode.app/Contents/Developer/Platforms/iPhoneSimulator.platform/Developer/SDKs/iPhoneSimulator26.0.sdk/System/Library/Frameworks/RelevanceKit.framework/Modules/RelevanceKit.swiftcrossimport/MapKit.swiftoverlay -swift-module-cross-import StoreKit /Applications/Xcode.app/Contents/Developer/Platforms/iPhoneSimulator.platform/Developer/SDKs/iPhoneSimulator.sdk/System/Library/Frameworks/StoreKit.framework/Modules/StoreKit.swiftcrossimport/SwiftUI.swiftoverlay -swift-module-cross-import StoreKit /Applications/Xcode.app/Contents/Developer/Platforms/iPhoneSimulator.platform/Developer/SDKs/iPhoneSimulator26.0.sdk/System/Library/Frameworks/StoreKit.framework/Modules/StoreKit.swiftcrossimport/SwiftUI.swiftoverlay -swift-module-cross-import SwiftData /Applications/Xcode.app/Contents/Developer/Platforms/iPhoneSimulator.platform/Developer/SDKs/iPhoneSimulator26.0.sdk/System/Library/Frameworks/SwiftData.framework/Modules/SwiftData.swiftcrossimport/CoreData.swiftoverlay -swift-module-cross-import SwiftData /Applications/Xcode.app/Contents/Developer/Platforms/iPhoneSimulator.platform/Developer/SDKs/iPhoneSimulator26.0.sdk/System/Library/Frameworks/SwiftData.framework/Modules/SwiftData.swiftcrossimport/SwiftUI.swiftoverlay -swift-module-cross-import Translation /Applications/Xcode.app/Contents/Developer/Platforms/iPhoneSimulator.platform/Developer/SDKs/iPhoneSimulator.sdk/System/Library/Frameworks/Translation.framework/Modules/Translation.swiftcrossimport/SwiftUI.swiftoverlay -swift-module-cross-import Translation /Applications/Xcode.app/Contents/Developer/Platforms/iPhoneSimulator.platform/Developer/SDKs/iPhoneSimulator26.0.sdk/System/Library/Frameworks/Translation.framework/Modules/Translation.swiftcrossimport/SwiftUI.swiftoverlay -load-resolved-plugin /Applications/Xcode.app/Contents/Developer/Platforms/iPhoneOS.platform/Developer/usr/lib/swift/host/plugins/libAppIntentsMacros.dylib\#/Applications/Xcode.app/Contents/Developer/Platforms/iPhoneOS.platform/Developer/usr/bin/swift-plugin-server\#AppIntentsMacros -load-resolved-plugin /Applications/Xcode.app/Contents/Developer/Platforms/iPhoneOS.platform/Developer/usr/lib/swift/host/plugins/libFoundationMacros.dylib\#/Applications/Xcode.app/Contents/Developer/Platforms/iPhoneOS.platform/Developer/usr/bin/swift-plugin-server\#FoundationMacros -load-resolved-plugin /Applications/Xcode.app/Contents/Developer/Platforms/iPhoneOS.platform/Developer/usr/lib/swift/host/plugins/libObservationMacros.dylib\#/Applications/Xcode.app/Contents/Developer/Platforms/iPhoneOS.platform/Developer/usr/bin/swift-plugin-server\#ObservationMacros -load-resolved-plugin /Applications/Xcode.app/Contents/Developer/Platforms/iPhoneOS.platform/Developer/usr/lib/swift/host/plugins/libPreviewsMacros.dylib\#/Applications/Xcode.app/Contents/Developer/Platforms/iPhoneOS.platform/Developer/usr/bin/swift-plugin-server\#PreviewsMacros -load-resolved-plugin /Applications/Xcode.app/Contents/Developer/Platforms/iPhoneOS.platform/Developer/usr/lib/swift/host/plugins/libSwiftDataMacros.dylib\#/Applications/Xcode.app/Contents/Developer/Platforms/iPhoneOS.platform/Developer/usr/bin/swift-plugin-server\#SwiftDataMacros -load-resolved-plugin /Applications/Xcode.app/Contents/Developer/Platforms/iPhoneOS.platform/Developer/usr/lib/swift/host/plugins/libSwiftMacros.dylib\#/Applications/Xcode.app/Contents/Developer/Platforms/iPhoneOS.platform/Developer/usr/bin/swift-plugin-server\#SwiftMacros -load-resolved-plugin /Applications/Xcode.app/Contents/Developer/Platforms/iPhoneOS.platform/Developer/usr/lib/swift/host/plugins/libSwiftUIMacros.dylib\#/Applications/Xcode.app/Contents/Developer/Platforms/iPhoneOS.platform/Developer/usr/bin/swift-plugin-server\#SwiftUIMacros -disable-implicit-swift-modules -Xcc -fno-implicit-modules -Xcc -fno-implicit-module-maps -explicit-swift-module-map-file /Users/ahmadhamilton/Library/Developer/Xcode/DerivedData/a-do-bftrwaswllkyrrgwbkjoeerjxfwv/Build/Intermediates.noindex/a-do.build/Debug-iphonesimulator/a-do.build/Objects-normal/arm64/a_do-dependencies-1.json -Xllvm -aarch64-use-tbi -enable-objc-interop -sdk /Applications/Xcode.app/Contents/Developer/Platforms/iPhoneSimulator.platform/Developer/SDKs/iPhoneSimulator26.0.sdk -I /Users/ahmadhamilton/Library/Developer/Xcode/DerivedData/a-do-bftrwaswllkyrrgwbkjoeerjxfwv/Build/Products/Debug-iphonesimulator -F /Users/ahmadhamilton/Library/Developer/Xcode/DerivedData/a-do-bftrwaswllkyrrgwbkjoeerjxfwv/Build/Products/Debug-iphonesimulator -no-color-diagnostics -Xcc -fno-color-diagnostics -enable-testing -g -debug-info-format\=dwarf -dwarf-version\=5 -module-cache-path /Users/ahmadhamilton/Library/Developer/Xcode/DerivedData/a-do-bftrwaswllkyrrgwbkjoeerjxfwv/Build/Intermediates.noindex/SwiftExplicitPrecompiledModules -swift-version 5 -enforce-exclusivity\=checked -Onone -D DEBUG -serialize-debugging-options -const-gather-protocols-file /Users/ahmadhamilton/Library/Developer/Xcode/DerivedData/a-do-bftrwaswllkyrrgwbkjoeerjxfwv/Build/Intermediates.noindex/a-do.build/Debug-iphonesimulator/a-do.build/Objects-normal/arm64/a-do_const_extract_protocols.json -enable-upcoming-feature DisableOutwardActorInference -enable-upcoming-feature InferSendableFromCaptures -enable-upcoming-feature GlobalActorIsolatedTypesUsability -enable-upcoming-feature MemberImportVisibility -enable-upcoming-feature InferIsolatedConformances -enable-upcoming-feature NonisolatedNonsendingByDefault -enable-experimental-feature DebugDescriptionMacro -enable-bare-slash-regex -default-isolation\=MainActor -empty-abi-descriptor -validate-clang-modules-once -clang-build-session-file /Users/ahmadhamilton/Library/Developer/Xcode/DerivedData/ModuleCache.noindex/Session.modulevalidation -Xcc -working-directory -Xcc /Users/ahmadhamilton/Documents/GitHub/Remember -enable-anonymous-context-mangled-names -file-compilation-dir /Users/ahmadhamilton/Documents/GitHub/Remember -Xcc -D_LIBCPP_HARDENING_MODE\=_LIBCPP_HARDENING_MODE_DEBUG -Xcc -ivfsstatcache -Xcc /Users/ahmadhamilton/Library/Developer/Xcode/DerivedData/SDKStatCaches.noindex/iphonesimulator26.0-23A339-3885c01c3e6b6a337905948deab2002e26257891a6c027eb51374368541b8346.sdkstatcache -Xcc -I/Users/ahmadhamilton/Library/Developer/Xcode/DerivedData/a-do-bftrwaswllkyrrgwbkjoeerjxfwv/Build/Intermediates.noindex/a-do.build/Debug-iphonesimulator/a-do.build/swift-overrides.hmap -Xcc -iquote -Xcc /Users/ahmadhamilton/Library/Developer/Xcode/DerivedData/a-do-bftrwaswllkyrrgwbkjoeerjxfwv/Build/Intermediates.noindex/a-do.build/Debug-iphonesimulator/a-do.build/a-do-generated-files.hmap -Xcc -I/Users/ahmadhamilton/Library/Developer/Xcode/DerivedData/a-do-bftrwaswllkyrrgwbkjoeerjxfwv/Build/Intermediates.noindex/a-do.build/Debug-iphonesimulator/a-do.build/a-do-own-target-headers.hmap -Xcc -I/Users/ahmadhamilton/Library/Developer/Xcode/DerivedData/a-do-bftrwaswllkyrrgwbkjoeerjxfwv/Build/Intermediates.noindex/a-do.build/Debug-iphonesimulator/a-do.build/a-do-all-target-headers.hmap -Xcc -iquote -Xcc /Users/ahmadhamilton/Library/Developer/Xcode/DerivedData/a-do-bftrwaswllkyrrgwbkjoeerjxfwv/Build/Intermediates.noindex/a-do.build/Debug-iphonesimulator/a-do.build/a-do-project-headers.hmap -Xcc -I/Users/ahmadhamilton/Library/Developer/Xcode/DerivedData/a-do-bftrwaswllkyrrgwbkjoeerjxfwv/Build/Products/Debug-iphonesimulator/include -Xcc -I/Users/ahmadhamilton/Library/Developer/Xcode/DerivedData/a-do-bftrwaswllkyrrgwbkjoeerjxfwv/Build/Intermediates.noindex/a-do.build/Debug-iphonesimulator/a-do.build/DerivedSources-normal/arm64 -Xcc -I/Users/ahmadhamilton/Library/Developer/Xcode/DerivedData/a-do-bftrwaswllkyrrgwbkjoeerjxfwv/Build/Intermediates.noindex/a-do.build/Debug-iphonesimulator/a-do.build/DerivedSources/arm64 -Xcc -I/Users/ahmadhamilton/Library/Developer/Xcode/DerivedData/a-do-bftrwaswllkyrrgwbkjoeerjxfwv/Build/Intermediates.noindex/a-do.build/Debug-iphonesimulator/a-do.build/DerivedSources -Xcc -DDEBUG\=1 -no-auto-bridging-header-chaining -module-name a_do -frontend-parseable-output -disable-clang-spi -target-sdk-version 26.0 -target-sdk-name iphonesimulator26.0 -clang-target arm64-apple-ios26.0-simulator -in-process-plugin-server-path /Applications/Xcode.app/Contents/Developer/Toolchains/XcodeDefault.xctoolchain/usr/lib/swift/host/libSwiftInProcPluginServer.dylib -o /Users/ahmadhamilton/Library/Developer/Xcode/DerivedData/a-do-bftrwaswllkyrrgwbkjoeerjxfwv/Build/Intermediates.noindex/a-do.build/Debug-iphonesimulator/a-do.build/Objects-normal/arm64/HealthKitManager.o -o /Users/ahmadhamilton/Library/Developer/Xcode/DerivedData/a-do-bftrwaswllkyrrgwbkjoeerjxfwv/Build/Intermediates.noindex/a-do.build/Debug-iphonesimulator/a-do.build/Objects-normal/arm64/InteractiveWidgetManager.o -o /Users/ahmadhamilton/Library/Developer/Xcode/DerivedData/a-do-bftrwaswllkyrrgwbkjoeerjxfwv/Build/Intermediates.noindex/a-do.build/Debug-iphonesimulator/a-do.build/Objects-normal/arm64/JournalIntegrationManager.o -o /Users/ahmadhamilton/Library/Developer/Xcode/DerivedData/a-do-bftrwaswllkyrrgwbkjoeerjxfwv/Build/Intermediates.noindex/a-do.build/Debug-iphonesimulator/a-do.build/Objects-normal/arm64/LiveActivityManager.o -o /Users/ahmadhamilton/Library/Developer/Xcode/DerivedData/a-do-bftrwaswllkyrrgwbkjoeerjxfwv/Build/Intermediates.noindex/a-do.build/Debug-iphonesimulator/a-do.build/Objects-normal/arm64/LocationManager.o -o /Users/ahmadhamilton/Library/Developer/Xcode/DerivedData/a-do-bftrwaswllkyrrgwbkjoeerjxfwv/Build/Intermediates.noindex/a-do.build/Debug-iphonesimulator/a-do.build/Objects-normal/arm64/MLPatternRecognitionManager.o -o /Users/ahmadhamilton/Library/Developer/Xcode/DerivedData/a-do-bftrwaswllkyrrgwbkjoeerjxfwv/Build/Intermediates.noindex/a-do.build/Debug-iphonesimulator/a-do.build/Objects-normal/arm64/NaturalLanguageProcessor.o -o /Users/ahmadhamilton/Library/Developer/Xcode/DerivedData/a-do-bftrwaswllkyrrgwbkjoeerjxfwv/Build/Intermediates.noindex/a-do.build/Debug-iphonesimulator/a-do.build/Objects-normal/arm64/NotesManager.o -o /Users/ahmadhamilton/Library/Developer/Xcode/DerivedData/a-do-bftrwaswllkyrrgwbkjoeerjxfwv/Build/Intermediates.noindex/a-do.build/Debug-iphonesimulator/a-do.build/Objects-normal/arm64/NotificationManager.o -o /Users/ahmadhamilton/Library/Developer/Xcode/DerivedData/a-do-bftrwaswllkyrrgwbkjoeerjxfwv/Build/Intermediates.noindex/a-do.build/Debug-iphonesimulator/a-do.build/Objects-normal/arm64/RealNotesManager.o -index-unit-output-path /a-do.build/Debug-iphonesimulator/a-do.build/Objects-normal/arm64/HealthKitManager.o -index-unit-output-path /a-do.build/Debug-iphonesimulator/a-do.build/Objects-normal/arm64/InteractiveWidgetManager.o -index-unit-output-path /a-do.build/Debug-iphonesimulator/a-do.build/Objects-normal/arm64/JournalIntegrationManager.o -index-unit-output-path /a-do.build/Debug-iphonesimulator/a-do.build/Objects-normal/arm64/LiveActivityManager.o -index-unit-output-path /a-do.build/Debug-iphonesimulator/a-do.build/Objects-normal/arm64/LocationManager.o -index-unit-output-path /a-do.build/Debug-iphonesimulator/a-do.build/Objects-normal/arm64/MLPatternRecognitionManager.o -index-unit-output-path /a-do.build/Debug-iphonesimulator/a-do.build/Objects-normal/arm64/NaturalLanguageProcessor.o -index-unit-output-path /a-do.build/Debug-iphonesimulator/a-do.build/Objects-normal/arm64/NotesManager.o -index-unit-output-path /a-do.build/Debug-iphonesimulator/a-do.build/Objects-normal/arm64/NotificationManager.o -index-unit-output-path /a-do.build/Debug-iphonesimulator/a-do.build/Objects-normal/arm64/RealNotesManager.o -index-store-path /Users/ahmadhamilton/Library/Developer/Xcode/DerivedData/a-do-bftrwaswllkyrrgwbkjoeerjxfwv/Index.noindex/DataStore -index-system-modules

SwiftCompile normal arm64 /Users/ahmadhamilton/Documents/GitHub/Remember/a-do/Managers/HealthKitManager.swift (in target 'a-do' from project 'a-do')
    cd /Users/ahmadhamilton/Documents/GitHub/Remember
    
/Users/ahmadhamilton/Documents/GitHub/Remember/a-do/Managers/HealthKitManager.swift:280:44: warning: capture of 'context' with non-Sendable type 'ModelContext' in a '@Sendable' closure; this is an error in the Swift 6 language mode
                    if let existing = try? context.fetch(existingDescriptor).first {
                                           ^
SwiftData.ModelContext:3:14: note: class 'ModelContext' does not conform to the 'Sendable' protocol
public class ModelContext : Equatable, SendableMetatype {
             ^
/Users/ahmadhamilton/Documents/GitHub/Remember/a-do/Managers/HealthKitManager.swift:280:44: warning: capture of 'context' with non-Sendable type 'ModelContext' in an isolated closure
                    if let existing = try? context.fetch(existingDescriptor).first {
                                           ^
SwiftData.ModelContext:3:14: note: class 'ModelContext' does not conform to the 'Sendable' protocol
public class ModelContext : Equatable, SendableMetatype {
             ^
/Users/ahmadhamilton/Documents/GitHub/Remember/a-do/Managers/HealthKitManager.swift:263:59: warning: call to main actor-isolated instance method 'getUnit(for:)' in a synchronous nonisolated context
                    let value = sum.doubleValue(for: self.getUnit(for: type))
                                                          ^
/Users/ahmadhamilton/Documents/GitHub/Remember/a-do/Managers/HealthKitManager.swift:674:18: note: calls to instance method 'getUnit(for:)' from outside of its actor context are implicitly asynchronous
    private func getUnit(for identifier: HKQuantityTypeIdentifier) -> HKUnit {
                 ^
/Users/ahmadhamilton/Documents/GitHub/Remember/a-do/Managers/HealthKitManager.swift:358:44: warning: 'totalEnergyBurned' was deprecated in iOS 18.0: Use statisticsForType: passing the HKQuantityType for HKQuantityTypeIdentifierActiveEnergyBurned
                    let calories = workout.totalEnergyBurned?.doubleValue(for: .kilocalorie()) ?? 0
                                           ^
/Users/ahmadhamilton/Documents/GitHub/Remember/a-do/Managers/HealthKitManager.swift:343:30: warning: capture of 'context' with non-Sendable type 'ModelContext' in a '@Sendable' closure
                    if (try? context.fetch(existingDescriptor).first) != nil {
                             ^
SwiftData.ModelContext:3:14: note: class 'ModelContext' does not conform to the 'Sendable' protocol
public class ModelContext : Equatable, SendableMetatype {
             ^
/Users/ahmadhamilton/Documents/GitHub/Remember/a-do/Managers/HealthKitManager.swift:347:44: warning: call to main actor-isolated instance method 'mapWorkoutType' in a synchronous nonisolated context
                    let workoutType = self.mapWorkoutType(workout.workoutActivityType)
                                           ^
/Users/ahmadhamilton/Documents/GitHub/Remember/a-do/Managers/HealthKitManager.swift:697:18: note: calls to instance method 'mapWorkoutType' from outside of its actor context are implicitly asynchronous
    private func mapWorkoutType(_ hkWorkoutType: HKWorkoutActivityType) -> WorkoutType {
                 ^
/Users/ahmadhamilton/Documents/GitHub/Remember/a-do/Managers/HealthKitManager.swift:431:30: warning: capture of 'context' with non-Sendable type 'ModelContext' in a '@Sendable' closure
                    if (try? context.fetch(existingDescriptor).first) != nil {
                             ^
SwiftData.ModelContext:3:14: note: class 'ModelContext' does not conform to the 'Sendable' protocol
public class ModelContext : Equatable, SendableMetatype {
             ^
/Users/ahmadhamilton/Documents/GitHub/Remember/a-do/Managers/HealthKitManager.swift:494:30: warning: capture of 'context' with non-Sendable type 'ModelContext' in a '@Sendable' closure
                    if (try? context.fetch(existingDescriptor).first) != nil {
                             ^
SwiftData.ModelContext:3:14: note: class 'ModelContext' does not conform to the 'Sendable' protocol
public class ModelContext : Equatable, SendableMetatype {
             ^
/Users/ahmadhamilton/Documents/GitHub/Remember/a-do/Managers/HealthKitManager.swift:730:23: warning: 'init(activityType:start:end:duration:totalEnergyBurned:totalDistance:metadata:)' was deprecated in iOS 17.0: Use HKWorkoutBuilder
        let workout = HKWorkout(
                      ^

SwiftCompile normal arm64 /Users/ahmadhamilton/Documents/GitHub/Remember/a-do/Managers/InteractiveWidgetManager.swift (in target 'a-do' from project 'a-do')
    cd /Users/ahmadhamilton/Documents/GitHub/Remember
    
/Users/ahmadhamilton/Documents/GitHub/Remember/a-do/Managers/HealthKitManager.swift:280:44: warning: capture of 'context' with non-Sendable type 'ModelContext' in a '@Sendable' closure; this is an error in the Swift 6 language mode
                    if let existing = try? context.fetch(existingDescriptor).first {
                                           ^
SwiftData.ModelContext:3:14: note: class 'ModelContext' does not conform to the 'Sendable' protocol
public class ModelContext : Equatable, SendableMetatype {
             ^
/Users/ahmadhamilton/Documents/GitHub/Remember/a-do/Managers/HealthKitManager.swift:280:44: warning: capture of 'context' with non-Sendable type 'ModelContext' in an isolated closure
                    if let existing = try? context.fetch(existingDescriptor).first {
                                           ^
SwiftData.ModelContext:3:14: note: class 'ModelContext' does not conform to the 'Sendable' protocol
public class ModelContext : Equatable, SendableMetatype {
             ^
/Users/ahmadhamilton/Documents/GitHub/Remember/a-do/Managers/HealthKitManager.swift:263:59: warning: call to main actor-isolated instance method 'getUnit(for:)' in a synchronous nonisolated context
                    let value = sum.doubleValue(for: self.getUnit(for: type))
                                                          ^
/Users/ahmadhamilton/Documents/GitHub/Remember/a-do/Managers/HealthKitManager.swift:674:18: note: calls to instance method 'getUnit(for:)' from outside of its actor context are implicitly asynchronous
    private func getUnit(for identifier: HKQuantityTypeIdentifier) -> HKUnit {
                 ^
/Users/ahmadhamilton/Documents/GitHub/Remember/a-do/Managers/HealthKitManager.swift:358:44: warning: 'totalEnergyBurned' was deprecated in iOS 18.0: Use statisticsForType: passing the HKQuantityType for HKQuantityTypeIdentifierActiveEnergyBurned
                    let calories = workout.totalEnergyBurned?.doubleValue(for: .kilocalorie()) ?? 0
                                           ^
/Users/ahmadhamilton/Documents/GitHub/Remember/a-do/Managers/HealthKitManager.swift:343:30: warning: capture of 'context' with non-Sendable type 'ModelContext' in a '@Sendable' closure
                    if (try? context.fetch(existingDescriptor).first) != nil {
                             ^
SwiftData.ModelContext:3:14: note: class 'ModelContext' does not conform to the 'Sendable' protocol
public class ModelContext : Equatable, SendableMetatype {
             ^
/Users/ahmadhamilton/Documents/GitHub/Remember/a-do/Managers/HealthKitManager.swift:347:44: warning: call to main actor-isolated instance method 'mapWorkoutType' in a synchronous nonisolated context
                    let workoutType = self.mapWorkoutType(workout.workoutActivityType)
                                           ^
/Users/ahmadhamilton/Documents/GitHub/Remember/a-do/Managers/HealthKitManager.swift:697:18: note: calls to instance method 'mapWorkoutType' from outside of its actor context are implicitly asynchronous
    private func mapWorkoutType(_ hkWorkoutType: HKWorkoutActivityType) -> WorkoutType {
                 ^
/Users/ahmadhamilton/Documents/GitHub/Remember/a-do/Managers/HealthKitManager.swift:431:30: warning: capture of 'context' with non-Sendable type 'ModelContext' in a '@Sendable' closure
                    if (try? context.fetch(existingDescriptor).first) != nil {
                             ^
SwiftData.ModelContext:3:14: note: class 'ModelContext' does not conform to the 'Sendable' protocol
public class ModelContext : Equatable, SendableMetatype {
             ^
/Users/ahmadhamilton/Documents/GitHub/Remember/a-do/Managers/HealthKitManager.swift:494:30: warning: capture of 'context' with non-Sendable type 'ModelContext' in a '@Sendable' closure
                    if (try? context.fetch(existingDescriptor).first) != nil {
                             ^
SwiftData.ModelContext:3:14: note: class 'ModelContext' does not conform to the 'Sendable' protocol
public class ModelContext : Equatable, SendableMetatype {
             ^
/Users/ahmadhamilton/Documents/GitHub/Remember/a-do/Managers/HealthKitManager.swift:730:23: warning: 'init(activityType:start:end:duration:totalEnergyBurned:totalDistance:metadata:)' was deprecated in iOS 17.0: Use HKWorkoutBuilder
        let workout = HKWorkout(
                      ^

SwiftCompile normal arm64 /Users/ahmadhamilton/Documents/GitHub/Remember/a-do/Managers/JournalIntegrationManager.swift (in target 'a-do' from project 'a-do')
    cd /Users/ahmadhamilton/Documents/GitHub/Remember
    
/Users/ahmadhamilton/Documents/GitHub/Remember/a-do/Managers/HealthKitManager.swift:280:44: warning: capture of 'context' with non-Sendable type 'ModelContext' in a '@Sendable' closure; this is an error in the Swift 6 language mode
                    if let existing = try? context.fetch(existingDescriptor).first {
                                           ^
SwiftData.ModelContext:3:14: note: class 'ModelContext' does not conform to the 'Sendable' protocol
public class ModelContext : Equatable, SendableMetatype {
             ^
/Users/ahmadhamilton/Documents/GitHub/Remember/a-do/Managers/HealthKitManager.swift:280:44: warning: capture of 'context' with non-Sendable type 'ModelContext' in an isolated closure
                    if let existing = try? context.fetch(existingDescriptor).first {
                                           ^
SwiftData.ModelContext:3:14: note: class 'ModelContext' does not conform to the 'Sendable' protocol
public class ModelContext : Equatable, SendableMetatype {
             ^
/Users/ahmadhamilton/Documents/GitHub/Remember/a-do/Managers/HealthKitManager.swift:263:59: warning: call to main actor-isolated instance method 'getUnit(for:)' in a synchronous nonisolated context
                    let value = sum.doubleValue(for: self.getUnit(for: type))
                                                          ^
/Users/ahmadhamilton/Documents/GitHub/Remember/a-do/Managers/HealthKitManager.swift:674:18: note: calls to instance method 'getUnit(for:)' from outside of its actor context are implicitly asynchronous
    private func getUnit(for identifier: HKQuantityTypeIdentifier) -> HKUnit {
                 ^
/Users/ahmadhamilton/Documents/GitHub/Remember/a-do/Managers/HealthKitManager.swift:358:44: warning: 'totalEnergyBurned' was deprecated in iOS 18.0: Use statisticsForType: passing the HKQuantityType for HKQuantityTypeIdentifierActiveEnergyBurned
                    let calories = workout.totalEnergyBurned?.doubleValue(for: .kilocalorie()) ?? 0
                                           ^
/Users/ahmadhamilton/Documents/GitHub/Remember/a-do/Managers/HealthKitManager.swift:343:30: warning: capture of 'context' with non-Sendable type 'ModelContext' in a '@Sendable' closure
                    if (try? context.fetch(existingDescriptor).first) != nil {
                             ^
SwiftData.ModelContext:3:14: note: class 'ModelContext' does not conform to the 'Sendable' protocol
public class ModelContext : Equatable, SendableMetatype {
             ^
/Users/ahmadhamilton/Documents/GitHub/Remember/a-do/Managers/HealthKitManager.swift:347:44: warning: call to main actor-isolated instance method 'mapWorkoutType' in a synchronous nonisolated context
                    let workoutType = self.mapWorkoutType(workout.workoutActivityType)
                                           ^
/Users/ahmadhamilton/Documents/GitHub/Remember/a-do/Managers/HealthKitManager.swift:697:18: note: calls to instance method 'mapWorkoutType' from outside of its actor context are implicitly asynchronous
    private func mapWorkoutType(_ hkWorkoutType: HKWorkoutActivityType) -> WorkoutType {
                 ^
/Users/ahmadhamilton/Documents/GitHub/Remember/a-do/Managers/HealthKitManager.swift:431:30: warning: capture of 'context' with non-Sendable type 'ModelContext' in a '@Sendable' closure
                    if (try? context.fetch(existingDescriptor).first) != nil {
                             ^
SwiftData.ModelContext:3:14: note: class 'ModelContext' does not conform to the 'Sendable' protocol
public class ModelContext : Equatable, SendableMetatype {
             ^
/Users/ahmadhamilton/Documents/GitHub/Remember/a-do/Managers/HealthKitManager.swift:494:30: warning: capture of 'context' with non-Sendable type 'ModelContext' in a '@Sendable' closure
                    if (try? context.fetch(existingDescriptor).first) != nil {
                             ^
SwiftData.ModelContext:3:14: note: class 'ModelContext' does not conform to the 'Sendable' protocol
public class ModelContext : Equatable, SendableMetatype {
             ^
/Users/ahmadhamilton/Documents/GitHub/Remember/a-do/Managers/HealthKitManager.swift:730:23: warning: 'init(activityType:start:end:duration:totalEnergyBurned:totalDistance:metadata:)' was deprecated in iOS 17.0: Use HKWorkoutBuilder
        let workout = HKWorkout(
                      ^
/Users/ahmadhamilton/Documents/GitHub/Remember/a-do/Managers/JournalIntegrationManager.swift:19:45: error: cannot find type 'TransferRepresentation' in scope
    static var transferRepresentation: some TransferRepresentation {
                                            ^~~~~~~~~~~~~~~~~~~~~~
/Users/ahmadhamilton/Documents/GitHub/Remember/a-do/Managers/JournalIntegrationManager.swift:14:22: error: cannot find type 'Transferable' in scope
struct JournalEntry: Transferable {
                     ^~~~~~~~~~~~

SwiftCompile normal arm64 /Users/ahmadhamilton/Documents/GitHub/Remember/a-do/Managers/LiveActivityManager.swift (in target 'a-do' from project 'a-do')
    cd /Users/ahmadhamilton/Documents/GitHub/Remember
    
/Users/ahmadhamilton/Documents/GitHub/Remember/a-do/Managers/HealthKitManager.swift:280:44: warning: capture of 'context' with non-Sendable type 'ModelContext' in a '@Sendable' closure; this is an error in the Swift 6 language mode
                    if let existing = try? context.fetch(existingDescriptor).first {
                                           ^
SwiftData.ModelContext:3:14: note: class 'ModelContext' does not conform to the 'Sendable' protocol
public class ModelContext : Equatable, SendableMetatype {
             ^
/Users/ahmadhamilton/Documents/GitHub/Remember/a-do/Managers/HealthKitManager.swift:280:44: warning: capture of 'context' with non-Sendable type 'ModelContext' in an isolated closure
                    if let existing = try? context.fetch(existingDescriptor).first {
                                           ^
SwiftData.ModelContext:3:14: note: class 'ModelContext' does not conform to the 'Sendable' protocol
public class ModelContext : Equatable, SendableMetatype {
             ^
/Users/ahmadhamilton/Documents/GitHub/Remember/a-do/Managers/HealthKitManager.swift:263:59: warning: call to main actor-isolated instance method 'getUnit(for:)' in a synchronous nonisolated context
                    let value = sum.doubleValue(for: self.getUnit(for: type))
                                                          ^
/Users/ahmadhamilton/Documents/GitHub/Remember/a-do/Managers/HealthKitManager.swift:674:18: note: calls to instance method 'getUnit(for:)' from outside of its actor context are implicitly asynchronous
    private func getUnit(for identifier: HKQuantityTypeIdentifier) -> HKUnit {
                 ^
/Users/ahmadhamilton/Documents/GitHub/Remember/a-do/Managers/HealthKitManager.swift:358:44: warning: 'totalEnergyBurned' was deprecated in iOS 18.0: Use statisticsForType: passing the HKQuantityType for HKQuantityTypeIdentifierActiveEnergyBurned
                    let calories = workout.totalEnergyBurned?.doubleValue(for: .kilocalorie()) ?? 0
                                           ^
/Users/ahmadhamilton/Documents/GitHub/Remember/a-do/Managers/HealthKitManager.swift:343:30: warning: capture of 'context' with non-Sendable type 'ModelContext' in a '@Sendable' closure
                    if (try? context.fetch(existingDescriptor).first) != nil {
                             ^
SwiftData.ModelContext:3:14: note: class 'ModelContext' does not conform to the 'Sendable' protocol
public class ModelContext : Equatable, SendableMetatype {
             ^
/Users/ahmadhamilton/Documents/GitHub/Remember/a-do/Managers/HealthKitManager.swift:347:44: warning: call to main actor-isolated instance method 'mapWorkoutType' in a synchronous nonisolated context
                    let workoutType = self.mapWorkoutType(workout.workoutActivityType)
                                           ^
/Users/ahmadhamilton/Documents/GitHub/Remember/a-do/Managers/HealthKitManager.swift:697:18: note: calls to instance method 'mapWorkoutType' from outside of its actor context are implicitly asynchronous
    private func mapWorkoutType(_ hkWorkoutType: HKWorkoutActivityType) -> WorkoutType {
                 ^
/Users/ahmadhamilton/Documents/GitHub/Remember/a-do/Managers/HealthKitManager.swift:431:30: warning: capture of 'context' with non-Sendable type 'ModelContext' in a '@Sendable' closure
                    if (try? context.fetch(existingDescriptor).first) != nil {
                             ^
SwiftData.ModelContext:3:14: note: class 'ModelContext' does not conform to the 'Sendable' protocol
public class ModelContext : Equatable, SendableMetatype {
             ^
/Users/ahmadhamilton/Documents/GitHub/Remember/a-do/Managers/HealthKitManager.swift:494:30: warning: capture of 'context' with non-Sendable type 'ModelContext' in a '@Sendable' closure
                    if (try? context.fetch(existingDescriptor).first) != nil {
                             ^
SwiftData.ModelContext:3:14: note: class 'ModelContext' does not conform to the 'Sendable' protocol
public class ModelContext : Equatable, SendableMetatype {
             ^
/Users/ahmadhamilton/Documents/GitHub/Remember/a-do/Managers/HealthKitManager.swift:730:23: warning: 'init(activityType:start:end:duration:totalEnergyBurned:totalDistance:metadata:)' was deprecated in iOS 17.0: Use HKWorkoutBuilder
        let workout = HKWorkout(
                      ^

SwiftCompile normal arm64 /Users/ahmadhamilton/Documents/GitHub/Remember/a-do/Managers/LocationManager.swift (in target 'a-do' from project 'a-do')
    cd /Users/ahmadhamilton/Documents/GitHub/Remember
    
/Users/ahmadhamilton/Documents/GitHub/Remember/a-do/Managers/HealthKitManager.swift:280:44: warning: capture of 'context' with non-Sendable type 'ModelContext' in a '@Sendable' closure; this is an error in the Swift 6 language mode
                    if let existing = try? context.fetch(existingDescriptor).first {
                                           ^
SwiftData.ModelContext:3:14: note: class 'ModelContext' does not conform to the 'Sendable' protocol
public class ModelContext : Equatable, SendableMetatype {
             ^
/Users/ahmadhamilton/Documents/GitHub/Remember/a-do/Managers/HealthKitManager.swift:280:44: warning: capture of 'context' with non-Sendable type 'ModelContext' in an isolated closure
                    if let existing = try? context.fetch(existingDescriptor).first {
                                           ^
SwiftData.ModelContext:3:14: note: class 'ModelContext' does not conform to the 'Sendable' protocol
public class ModelContext : Equatable, SendableMetatype {
             ^
/Users/ahmadhamilton/Documents/GitHub/Remember/a-do/Managers/HealthKitManager.swift:263:59: warning: call to main actor-isolated instance method 'getUnit(for:)' in a synchronous nonisolated context
                    let value = sum.doubleValue(for: self.getUnit(for: type))
                                                          ^
/Users/ahmadhamilton/Documents/GitHub/Remember/a-do/Managers/HealthKitManager.swift:674:18: note: calls to instance method 'getUnit(for:)' from outside of its actor context are implicitly asynchronous
    private func getUnit(for identifier: HKQuantityTypeIdentifier) -> HKUnit {
                 ^
/Users/ahmadhamilton/Documents/GitHub/Remember/a-do/Managers/HealthKitManager.swift:358:44: warning: 'totalEnergyBurned' was deprecated in iOS 18.0: Use statisticsForType: passing the HKQuantityType for HKQuantityTypeIdentifierActiveEnergyBurned
                    let calories = workout.totalEnergyBurned?.doubleValue(for: .kilocalorie()) ?? 0
                                           ^
/Users/ahmadhamilton/Documents/GitHub/Remember/a-do/Managers/HealthKitManager.swift:343:30: warning: capture of 'context' with non-Sendable type 'ModelContext' in a '@Sendable' closure
                    if (try? context.fetch(existingDescriptor).first) != nil {
                             ^
SwiftData.ModelContext:3:14: note: class 'ModelContext' does not conform to the 'Sendable' protocol
public class ModelContext : Equatable, SendableMetatype {
             ^
/Users/ahmadhamilton/Documents/GitHub/Remember/a-do/Managers/HealthKitManager.swift:347:44: warning: call to main actor-isolated instance method 'mapWorkoutType' in a synchronous nonisolated context
                    let workoutType = self.mapWorkoutType(workout.workoutActivityType)
                                           ^
/Users/ahmadhamilton/Documents/GitHub/Remember/a-do/Managers/HealthKitManager.swift:697:18: note: calls to instance method 'mapWorkoutType' from outside of its actor context are implicitly asynchronous
    private func mapWorkoutType(_ hkWorkoutType: HKWorkoutActivityType) -> WorkoutType {
                 ^
/Users/ahmadhamilton/Documents/GitHub/Remember/a-do/Managers/HealthKitManager.swift:431:30: warning: capture of 'context' with non-Sendable type 'ModelContext' in a '@Sendable' closure
                    if (try? context.fetch(existingDescriptor).first) != nil {
                             ^
SwiftData.ModelContext:3:14: note: class 'ModelContext' does not conform to the 'Sendable' protocol
public class ModelContext : Equatable, SendableMetatype {
             ^
/Users/ahmadhamilton/Documents/GitHub/Remember/a-do/Managers/HealthKitManager.swift:494:30: warning: capture of 'context' with non-Sendable type 'ModelContext' in a '@Sendable' closure
                    if (try? context.fetch(existingDescriptor).first) != nil {
                             ^
SwiftData.ModelContext:3:14: note: class 'ModelContext' does not conform to the 'Sendable' protocol
public class ModelContext : Equatable, SendableMetatype {
             ^
/Users/ahmadhamilton/Documents/GitHub/Remember/a-do/Managers/HealthKitManager.swift:730:23: warning: 'init(activityType:start:end:duration:totalEnergyBurned:totalDistance:metadata:)' was deprecated in iOS 17.0: Use HKWorkoutBuilder
        let workout = HKWorkout(
                      ^

SwiftCompile normal arm64 /Users/ahmadhamilton/Documents/GitHub/Remember/a-do/Managers/MLPatternRecognitionManager.swift (in target 'a-do' from project 'a-do')
    cd /Users/ahmadhamilton/Documents/GitHub/Remember
    
/Users/ahmadhamilton/Documents/GitHub/Remember/a-do/Managers/HealthKitManager.swift:280:44: warning: capture of 'context' with non-Sendable type 'ModelContext' in a '@Sendable' closure; this is an error in the Swift 6 language mode
                    if let existing = try? context.fetch(existingDescriptor).first {
                                           ^
SwiftData.ModelContext:3:14: note: class 'ModelContext' does not conform to the 'Sendable' protocol
public class ModelContext : Equatable, SendableMetatype {
             ^
/Users/ahmadhamilton/Documents/GitHub/Remember/a-do/Managers/HealthKitManager.swift:280:44: warning: capture of 'context' with non-Sendable type 'ModelContext' in an isolated closure
                    if let existing = try? context.fetch(existingDescriptor).first {
                                           ^
SwiftData.ModelContext:3:14: note: class 'ModelContext' does not conform to the 'Sendable' protocol
public class ModelContext : Equatable, SendableMetatype {
             ^
/Users/ahmadhamilton/Documents/GitHub/Remember/a-do/Managers/HealthKitManager.swift:263:59: warning: call to main actor-isolated instance method 'getUnit(for:)' in a synchronous nonisolated context
                    let value = sum.doubleValue(for: self.getUnit(for: type))
                                                          ^
/Users/ahmadhamilton/Documents/GitHub/Remember/a-do/Managers/HealthKitManager.swift:674:18: note: calls to instance method 'getUnit(for:)' from outside of its actor context are implicitly asynchronous
    private func getUnit(for identifier: HKQuantityTypeIdentifier) -> HKUnit {
                 ^
/Users/ahmadhamilton/Documents/GitHub/Remember/a-do/Managers/HealthKitManager.swift:358:44: warning: 'totalEnergyBurned' was deprecated in iOS 18.0: Use statisticsForType: passing the HKQuantityType for HKQuantityTypeIdentifierActiveEnergyBurned
                    let calories = workout.totalEnergyBurned?.doubleValue(for: .kilocalorie()) ?? 0
                                           ^
/Users/ahmadhamilton/Documents/GitHub/Remember/a-do/Managers/HealthKitManager.swift:343:30: warning: capture of 'context' with non-Sendable type 'ModelContext' in a '@Sendable' closure
                    if (try? context.fetch(existingDescriptor).first) != nil {
                             ^
SwiftData.ModelContext:3:14: note: class 'ModelContext' does not conform to the 'Sendable' protocol
public class ModelContext : Equatable, SendableMetatype {
             ^
/Users/ahmadhamilton/Documents/GitHub/Remember/a-do/Managers/HealthKitManager.swift:347:44: warning: call to main actor-isolated instance method 'mapWorkoutType' in a synchronous nonisolated context
                    let workoutType = self.mapWorkoutType(workout.workoutActivityType)
                                           ^
/Users/ahmadhamilton/Documents/GitHub/Remember/a-do/Managers/HealthKitManager.swift:697:18: note: calls to instance method 'mapWorkoutType' from outside of its actor context are implicitly asynchronous
    private func mapWorkoutType(_ hkWorkoutType: HKWorkoutActivityType) -> WorkoutType {
                 ^
/Users/ahmadhamilton/Documents/GitHub/Remember/a-do/Managers/HealthKitManager.swift:431:30: warning: capture of 'context' with non-Sendable type 'ModelContext' in a '@Sendable' closure
                    if (try? context.fetch(existingDescriptor).first) != nil {
                             ^
SwiftData.ModelContext:3:14: note: class 'ModelContext' does not conform to the 'Sendable' protocol
public class ModelContext : Equatable, SendableMetatype {
             ^
/Users/ahmadhamilton/Documents/GitHub/Remember/a-do/Managers/HealthKitManager.swift:494:30: warning: capture of 'context' with non-Sendable type 'ModelContext' in a '@Sendable' closure
                    if (try? context.fetch(existingDescriptor).first) != nil {
                             ^
SwiftData.ModelContext:3:14: note: class 'ModelContext' does not conform to the 'Sendable' protocol
public class ModelContext : Equatable, SendableMetatype {
             ^
/Users/ahmadhamilton/Documents/GitHub/Remember/a-do/Managers/HealthKitManager.swift:730:23: warning: 'init(activityType:start:end:duration:totalEnergyBurned:totalDistance:metadata:)' was deprecated in iOS 17.0: Use HKWorkoutBuilder
        let workout = HKWorkout(
                      ^

SwiftCompile normal arm64 /Users/ahmadhamilton/Documents/GitHub/Remember/a-do/Managers/NaturalLanguageProcessor.swift (in target 'a-do' from project 'a-do')
    cd /Users/ahmadhamilton/Documents/GitHub/Remember
    
/Users/ahmadhamilton/Documents/GitHub/Remember/a-do/Managers/HealthKitManager.swift:280:44: warning: capture of 'context' with non-Sendable type 'ModelContext' in a '@Sendable' closure; this is an error in the Swift 6 language mode
                    if let existing = try? context.fetch(existingDescriptor).first {
                                           ^
SwiftData.ModelContext:3:14: note: class 'ModelContext' does not conform to the 'Sendable' protocol
public class ModelContext : Equatable, SendableMetatype {
             ^
/Users/ahmadhamilton/Documents/GitHub/Remember/a-do/Managers/HealthKitManager.swift:280:44: warning: capture of 'context' with non-Sendable type 'ModelContext' in an isolated closure
                    if let existing = try? context.fetch(existingDescriptor).first {
                                           ^
SwiftData.ModelContext:3:14: note: class 'ModelContext' does not conform to the 'Sendable' protocol
public class ModelContext : Equatable, SendableMetatype {
             ^
/Users/ahmadhamilton/Documents/GitHub/Remember/a-do/Managers/HealthKitManager.swift:263:59: warning: call to main actor-isolated instance method 'getUnit(for:)' in a synchronous nonisolated context
                    let value = sum.doubleValue(for: self.getUnit(for: type))
                                                          ^
/Users/ahmadhamilton/Documents/GitHub/Remember/a-do/Managers/HealthKitManager.swift:674:18: note: calls to instance method 'getUnit(for:)' from outside of its actor context are implicitly asynchronous
    private func getUnit(for identifier: HKQuantityTypeIdentifier) -> HKUnit {
                 ^
/Users/ahmadhamilton/Documents/GitHub/Remember/a-do/Managers/HealthKitManager.swift:358:44: warning: 'totalEnergyBurned' was deprecated in iOS 18.0: Use statisticsForType: passing the HKQuantityType for HKQuantityTypeIdentifierActiveEnergyBurned
                    let calories = workout.totalEnergyBurned?.doubleValue(for: .kilocalorie()) ?? 0
                                           ^
/Users/ahmadhamilton/Documents/GitHub/Remember/a-do/Managers/HealthKitManager.swift:343:30: warning: capture of 'context' with non-Sendable type 'ModelContext' in a '@Sendable' closure
                    if (try? context.fetch(existingDescriptor).first) != nil {
                             ^
SwiftData.ModelContext:3:14: note: class 'ModelContext' does not conform to the 'Sendable' protocol
public class ModelContext : Equatable, SendableMetatype {
             ^
/Users/ahmadhamilton/Documents/GitHub/Remember/a-do/Managers/HealthKitManager.swift:347:44: warning: call to main actor-isolated instance method 'mapWorkoutType' in a synchronous nonisolated context
                    let workoutType = self.mapWorkoutType(workout.workoutActivityType)
                                           ^
/Users/ahmadhamilton/Documents/GitHub/Remember/a-do/Managers/HealthKitManager.swift:697:18: note: calls to instance method 'mapWorkoutType' from outside of its actor context are implicitly asynchronous
    private func mapWorkoutType(_ hkWorkoutType: HKWorkoutActivityType) -> WorkoutType {
                 ^
/Users/ahmadhamilton/Documents/GitHub/Remember/a-do/Managers/HealthKitManager.swift:431:30: warning: capture of 'context' with non-Sendable type 'ModelContext' in a '@Sendable' closure
                    if (try? context.fetch(existingDescriptor).first) != nil {
                             ^
SwiftData.ModelContext:3:14: note: class 'ModelContext' does not conform to the 'Sendable' protocol
public class ModelContext : Equatable, SendableMetatype {
             ^
/Users/ahmadhamilton/Documents/GitHub/Remember/a-do/Managers/HealthKitManager.swift:494:30: warning: capture of 'context' with non-Sendable type 'ModelContext' in a '@Sendable' closure
                    if (try? context.fetch(existingDescriptor).first) != nil {
                             ^
SwiftData.ModelContext:3:14: note: class 'ModelContext' does not conform to the 'Sendable' protocol
public class ModelContext : Equatable, SendableMetatype {
             ^
/Users/ahmadhamilton/Documents/GitHub/Remember/a-do/Managers/HealthKitManager.swift:730:23: warning: 'init(activityType:start:end:duration:totalEnergyBurned:totalDistance:metadata:)' was deprecated in iOS 17.0: Use HKWorkoutBuilder
        let workout = HKWorkout(
                      ^
/Users/ahmadhamilton/Documents/GitHub/Remember/a-do/Managers/NaturalLanguageProcessor.swift:155:21: warning: initialization of immutable value 'unitRange' was never used; consider replacing with assignment to '_' or removing it
                let unitRange = lowercaseText.range(of: "week|month", options: .regularExpression)
                ~~~~^~~~~~~~~
                _

SwiftCompile normal arm64 /Users/ahmadhamilton/Documents/GitHub/Remember/a-do/Managers/NotesManager.swift (in target 'a-do' from project 'a-do')
    cd /Users/ahmadhamilton/Documents/GitHub/Remember
    
/Users/ahmadhamilton/Documents/GitHub/Remember/a-do/Managers/HealthKitManager.swift:280:44: warning: capture of 'context' with non-Sendable type 'ModelContext' in a '@Sendable' closure; this is an error in the Swift 6 language mode
                    if let existing = try? context.fetch(existingDescriptor).first {
                                           ^
SwiftData.ModelContext:3:14: note: class 'ModelContext' does not conform to the 'Sendable' protocol
public class ModelContext : Equatable, SendableMetatype {
             ^
/Users/ahmadhamilton/Documents/GitHub/Remember/a-do/Managers/HealthKitManager.swift:280:44: warning: capture of 'context' with non-Sendable type 'ModelContext' in an isolated closure
                    if let existing = try? context.fetch(existingDescriptor).first {
                                           ^
SwiftData.ModelContext:3:14: note: class 'ModelContext' does not conform to the 'Sendable' protocol
public class ModelContext : Equatable, SendableMetatype {
             ^
/Users/ahmadhamilton/Documents/GitHub/Remember/a-do/Managers/HealthKitManager.swift:263:59: warning: call to main actor-isolated instance method 'getUnit(for:)' in a synchronous nonisolated context
                    let value = sum.doubleValue(for: self.getUnit(for: type))
                                                          ^
/Users/ahmadhamilton/Documents/GitHub/Remember/a-do/Managers/HealthKitManager.swift:674:18: note: calls to instance method 'getUnit(for:)' from outside of its actor context are implicitly asynchronous
    private func getUnit(for identifier: HKQuantityTypeIdentifier) -> HKUnit {
                 ^
/Users/ahmadhamilton/Documents/GitHub/Remember/a-do/Managers/HealthKitManager.swift:358:44: warning: 'totalEnergyBurned' was deprecated in iOS 18.0: Use statisticsForType: passing the HKQuantityType for HKQuantityTypeIdentifierActiveEnergyBurned
                    let calories = workout.totalEnergyBurned?.doubleValue(for: .kilocalorie()) ?? 0
                                           ^
/Users/ahmadhamilton/Documents/GitHub/Remember/a-do/Managers/HealthKitManager.swift:343:30: warning: capture of 'context' with non-Sendable type 'ModelContext' in a '@Sendable' closure
                    if (try? context.fetch(existingDescriptor).first) != nil {
                             ^
SwiftData.ModelContext:3:14: note: class 'ModelContext' does not conform to the 'Sendable' protocol
public class ModelContext : Equatable, SendableMetatype {
             ^
/Users/ahmadhamilton/Documents/GitHub/Remember/a-do/Managers/HealthKitManager.swift:347:44: warning: call to main actor-isolated instance method 'mapWorkoutType' in a synchronous nonisolated context
                    let workoutType = self.mapWorkoutType(workout.workoutActivityType)
                                           ^
/Users/ahmadhamilton/Documents/GitHub/Remember/a-do/Managers/HealthKitManager.swift:697:18: note: calls to instance method 'mapWorkoutType' from outside of its actor context are implicitly asynchronous
    private func mapWorkoutType(_ hkWorkoutType: HKWorkoutActivityType) -> WorkoutType {
                 ^
/Users/ahmadhamilton/Documents/GitHub/Remember/a-do/Managers/HealthKitManager.swift:431:30: warning: capture of 'context' with non-Sendable type 'ModelContext' in a '@Sendable' closure
                    if (try? context.fetch(existingDescriptor).first) != nil {
                             ^
SwiftData.ModelContext:3:14: note: class 'ModelContext' does not conform to the 'Sendable' protocol
public class ModelContext : Equatable, SendableMetatype {
             ^
/Users/ahmadhamilton/Documents/GitHub/Remember/a-do/Managers/HealthKitManager.swift:494:30: warning: capture of 'context' with non-Sendable type 'ModelContext' in a '@Sendable' closure
                    if (try? context.fetch(existingDescriptor).first) != nil {
                             ^
SwiftData.ModelContext:3:14: note: class 'ModelContext' does not conform to the 'Sendable' protocol
public class ModelContext : Equatable, SendableMetatype {
             ^
/Users/ahmadhamilton/Documents/GitHub/Remember/a-do/Managers/HealthKitManager.swift:730:23: warning: 'init(activityType:start:end:duration:totalEnergyBurned:totalDistance:metadata:)' was deprecated in iOS 17.0: Use HKWorkoutBuilder
        let workout = HKWorkout(
                      ^

SwiftCompile normal arm64 /Users/ahmadhamilton/Documents/GitHub/Remember/a-do/Managers/NotificationManager.swift (in target 'a-do' from project 'a-do')
    cd /Users/ahmadhamilton/Documents/GitHub/Remember
    
/Users/ahmadhamilton/Documents/GitHub/Remember/a-do/Managers/HealthKitManager.swift:280:44: warning: capture of 'context' with non-Sendable type 'ModelContext' in a '@Sendable' closure; this is an error in the Swift 6 language mode
                    if let existing = try? context.fetch(existingDescriptor).first {
                                           ^
SwiftData.ModelContext:3:14: note: class 'ModelContext' does not conform to the 'Sendable' protocol
public class ModelContext : Equatable, SendableMetatype {
             ^
/Users/ahmadhamilton/Documents/GitHub/Remember/a-do/Managers/HealthKitManager.swift:280:44: warning: capture of 'context' with non-Sendable type 'ModelContext' in an isolated closure
                    if let existing = try? context.fetch(existingDescriptor).first {
                                           ^
SwiftData.ModelContext:3:14: note: class 'ModelContext' does not conform to the 'Sendable' protocol
public class ModelContext : Equatable, SendableMetatype {
             ^
/Users/ahmadhamilton/Documents/GitHub/Remember/a-do/Managers/HealthKitManager.swift:263:59: warning: call to main actor-isolated instance method 'getUnit(for:)' in a synchronous nonisolated context
                    let value = sum.doubleValue(for: self.getUnit(for: type))
                                                          ^
/Users/ahmadhamilton/Documents/GitHub/Remember/a-do/Managers/HealthKitManager.swift:674:18: note: calls to instance method 'getUnit(for:)' from outside of its actor context are implicitly asynchronous
    private func getUnit(for identifier: HKQuantityTypeIdentifier) -> HKUnit {
                 ^
/Users/ahmadhamilton/Documents/GitHub/Remember/a-do/Managers/HealthKitManager.swift:358:44: warning: 'totalEnergyBurned' was deprecated in iOS 18.0: Use statisticsForType: passing the HKQuantityType for HKQuantityTypeIdentifierActiveEnergyBurned
                    let calories = workout.totalEnergyBurned?.doubleValue(for: .kilocalorie()) ?? 0
                                           ^
/Users/ahmadhamilton/Documents/GitHub/Remember/a-do/Managers/HealthKitManager.swift:343:30: warning: capture of 'context' with non-Sendable type 'ModelContext' in a '@Sendable' closure
                    if (try? context.fetch(existingDescriptor).first) != nil {
                             ^
SwiftData.ModelContext:3:14: note: class 'ModelContext' does not conform to the 'Sendable' protocol
public class ModelContext : Equatable, SendableMetatype {
             ^
/Users/ahmadhamilton/Documents/GitHub/Remember/a-do/Managers/HealthKitManager.swift:347:44: warning: call to main actor-isolated instance method 'mapWorkoutType' in a synchronous nonisolated context
                    let workoutType = self.mapWorkoutType(workout.workoutActivityType)
                                           ^
/Users/ahmadhamilton/Documents/GitHub/Remember/a-do/Managers/HealthKitManager.swift:697:18: note: calls to instance method 'mapWorkoutType' from outside of its actor context are implicitly asynchronous
    private func mapWorkoutType(_ hkWorkoutType: HKWorkoutActivityType) -> WorkoutType {
                 ^
/Users/ahmadhamilton/Documents/GitHub/Remember/a-do/Managers/HealthKitManager.swift:431:30: warning: capture of 'context' with non-Sendable type 'ModelContext' in a '@Sendable' closure
                    if (try? context.fetch(existingDescriptor).first) != nil {
                             ^
SwiftData.ModelContext:3:14: note: class 'ModelContext' does not conform to the 'Sendable' protocol
public class ModelContext : Equatable, SendableMetatype {
             ^
/Users/ahmadhamilton/Documents/GitHub/Remember/a-do/Managers/HealthKitManager.swift:494:30: warning: capture of 'context' with non-Sendable type 'ModelContext' in a '@Sendable' closure
                    if (try? context.fetch(existingDescriptor).first) != nil {
                             ^
SwiftData.ModelContext:3:14: note: class 'ModelContext' does not conform to the 'Sendable' protocol
public class ModelContext : Equatable, SendableMetatype {
             ^
/Users/ahmadhamilton/Documents/GitHub/Remember/a-do/Managers/HealthKitManager.swift:730:23: warning: 'init(activityType:start:end:duration:totalEnergyBurned:totalDistance:metadata:)' was deprecated in iOS 17.0: Use HKWorkoutBuilder
        let workout = HKWorkout(
                      ^
/Users/ahmadhamilton/Documents/GitHub/Remember/a-do/Managers/NotificationManager.swift:52:28: warning: value 'error' was defined but never used; consider replacing with boolean test
                    if let error {
                       ~~~~^
                                 != nil

SwiftCompile normal arm64 /Users/ahmadhamilton/Documents/GitHub/Remember/a-do/Managers/RealNotesManager.swift (in target 'a-do' from project 'a-do')
    cd /Users/ahmadhamilton/Documents/GitHub/Remember
    
/Users/ahmadhamilton/Documents/GitHub/Remember/a-do/Managers/HealthKitManager.swift:280:44: warning: capture of 'context' with non-Sendable type 'ModelContext' in a '@Sendable' closure; this is an error in the Swift 6 language mode
                    if let existing = try? context.fetch(existingDescriptor).first {
                                           ^
SwiftData.ModelContext:3:14: note: class 'ModelContext' does not conform to the 'Sendable' protocol
public class ModelContext : Equatable, SendableMetatype {
             ^
/Users/ahmadhamilton/Documents/GitHub/Remember/a-do/Managers/HealthKitManager.swift:280:44: warning: capture of 'context' with non-Sendable type 'ModelContext' in an isolated closure
                    if let existing = try? context.fetch(existingDescriptor).first {
                                           ^
SwiftData.ModelContext:3:14: note: class 'ModelContext' does not conform to the 'Sendable' protocol
public class ModelContext : Equatable, SendableMetatype {
             ^
/Users/ahmadhamilton/Documents/GitHub/Remember/a-do/Managers/HealthKitManager.swift:263:59: warning: call to main actor-isolated instance method 'getUnit(for:)' in a synchronous nonisolated context
                    let value = sum.doubleValue(for: self.getUnit(for: type))
                                                          ^
/Users/ahmadhamilton/Documents/GitHub/Remember/a-do/Managers/HealthKitManager.swift:674:18: note: calls to instance method 'getUnit(for:)' from outside of its actor context are implicitly asynchronous
    private func getUnit(for identifier: HKQuantityTypeIdentifier) -> HKUnit {
                 ^
/Users/ahmadhamilton/Documents/GitHub/Remember/a-do/Managers/HealthKitManager.swift:358:44: warning: 'totalEnergyBurned' was deprecated in iOS 18.0: Use statisticsForType: passing the HKQuantityType for HKQuantityTypeIdentifierActiveEnergyBurned
                    let calories = workout.totalEnergyBurned?.doubleValue(for: .kilocalorie()) ?? 0
                                           ^
/Users/ahmadhamilton/Documents/GitHub/Remember/a-do/Managers/HealthKitManager.swift:343:30: warning: capture of 'context' with non-Sendable type 'ModelContext' in a '@Sendable' closure
                    if (try? context.fetch(existingDescriptor).first) != nil {
                             ^
SwiftData.ModelContext:3:14: note: class 'ModelContext' does not conform to the 'Sendable' protocol
public class ModelContext : Equatable, SendableMetatype {
             ^
/Users/ahmadhamilton/Documents/GitHub/Remember/a-do/Managers/HealthKitManager.swift:347:44: warning: call to main actor-isolated instance method 'mapWorkoutType' in a synchronous nonisolated context
                    let workoutType = self.mapWorkoutType(workout.workoutActivityType)
                                           ^
/Users/ahmadhamilton/Documents/GitHub/Remember/a-do/Managers/HealthKitManager.swift:697:18: note: calls to instance method 'mapWorkoutType' from outside of its actor context are implicitly asynchronous
    private func mapWorkoutType(_ hkWorkoutType: HKWorkoutActivityType) -> WorkoutType {
                 ^
/Users/ahmadhamilton/Documents/GitHub/Remember/a-do/Managers/HealthKitManager.swift:431:30: warning: capture of 'context' with non-Sendable type 'ModelContext' in a '@Sendable' closure
                    if (try? context.fetch(existingDescriptor).first) != nil {
                             ^
SwiftData.ModelContext:3:14: note: class 'ModelContext' does not conform to the 'Sendable' protocol
public class ModelContext : Equatable, SendableMetatype {
             ^
/Users/ahmadhamilton/Documents/GitHub/Remember/a-do/Managers/HealthKitManager.swift:494:30: warning: capture of 'context' with non-Sendable type 'ModelContext' in a '@Sendable' closure
                    if (try? context.fetch(existingDescriptor).first) != nil {
                             ^
SwiftData.ModelContext:3:14: note: class 'ModelContext' does not conform to the 'Sendable' protocol
public class ModelContext : Equatable, SendableMetatype {
             ^
/Users/ahmadhamilton/Documents/GitHub/Remember/a-do/Managers/HealthKitManager.swift:730:23: warning: 'init(activityType:start:end:duration:totalEnergyBurned:totalDistance:metadata:)' was deprecated in iOS 17.0: Use HKWorkoutBuilder
        let workout = HKWorkout(
                      ^

SwiftEmitModule normal x86_64 Emitting\ module\ for\ a_do (in target 'a-do' from project 'a-do')

EmitSwiftModule normal x86_64 (in target 'a-do' from project 'a-do')
    cd /Users/ahmadhamilton/Documents/GitHub/Remember
    

SwiftDriverJobDiscovery normal x86_64 Compiling EnhancedWidgets.swift (in target 'a-do WidgetExtension' from project 'a-do')

SwiftCompile normal x86_64 Compiling\ TimeTrackingViewWrapper.swift,\ TranslationSettingsView.swift,\ JournalExportExampleView.swift,\ LaunchScreenCoordinator.swift,\ LaunchScreenView.swift,\ StaticLaunchScreenView.swift,\ ADoApp.swift,\ ContentView.swift,\ GeneratedAssetSymbols.swift /Users/ahmadhamilton/Documents/GitHub/Remember/a-do/Views/TimeTracking/TimeTrackingViewWrapper.swift /Users/ahmadhamilton/Documents/GitHub/Remember/a-do/Views/Translation/TranslationSettingsView.swift /Users/ahmadhamilton/Documents/GitHub/Remember/a-do/Views/JournalExportExampleView.swift /Users/ahmadhamilton/Documents/GitHub/Remember/a-do/Views/LaunchScreenCoordinator.swift /Users/ahmadhamilton/Documents/GitHub/Remember/a-do/Views/LaunchScreenView.swift /Users/ahmadhamilton/Documents/GitHub/Remember/a-do/Views/StaticLaunchScreenView.swift /Users/ahmadhamilton/Documents/GitHub/Remember/a-do/ADoApp.swift /Users/ahmadhamilton/Documents/GitHub/Remember/a-do/ContentView.swift /Users/ahmadhamilton/Library/Developer/Xcode/DerivedData/a-do-bftrwaswllkyrrgwbkjoeerjxfwv/Build/Intermediates.noindex/a-do.build/Debug-iphonesimulator/a-do.build/DerivedSources/GeneratedAssetSymbols.swift (in target 'a-do' from project 'a-do')

SwiftCompile normal x86_64 /Users/ahmadhamilton/Documents/GitHub/Remember/a-do/Views/TimeTracking/TimeTrackingViewWrapper.swift (in target 'a-do' from project 'a-do')
    cd /Users/ahmadhamilton/Documents/GitHub/Remember
    

SwiftCompile normal x86_64 /Users/ahmadhamilton/Documents/GitHub/Remember/a-do/Views/Translation/TranslationSettingsView.swift (in target 'a-do' from project 'a-do')
    cd /Users/ahmadhamilton/Documents/GitHub/Remember
    

SwiftCompile normal x86_64 /Users/ahmadhamilton/Documents/GitHub/Remember/a-do/Views/JournalExportExampleView.swift (in target 'a-do' from project 'a-do')
    cd /Users/ahmadhamilton/Documents/GitHub/Remember
    

SwiftCompile normal x86_64 /Users/ahmadhamilton/Documents/GitHub/Remember/a-do/Views/LaunchScreenCoordinator.swift (in target 'a-do' from project 'a-do')
    cd /Users/ahmadhamilton/Documents/GitHub/Remember
    

SwiftCompile normal x86_64 /Users/ahmadhamilton/Documents/GitHub/Remember/a-do/Views/LaunchScreenView.swift (in target 'a-do' from project 'a-do')
    cd /Users/ahmadhamilton/Documents/GitHub/Remember
    

SwiftCompile normal x86_64 /Users/ahmadhamilton/Documents/GitHub/Remember/a-do/Views/StaticLaunchScreenView.swift (in target 'a-do' from project 'a-do')
    cd /Users/ahmadhamilton/Documents/GitHub/Remember
    

SwiftCompile normal x86_64 /Users/ahmadhamilton/Documents/GitHub/Remember/a-do/ADoApp.swift (in target 'a-do' from project 'a-do')
    cd /Users/ahmadhamilton/Documents/GitHub/Remember
    

SwiftCompile normal x86_64 /Users/ahmadhamilton/Documents/GitHub/Remember/a-do/ContentView.swift (in target 'a-do' from project 'a-do')
    cd /Users/ahmadhamilton/Documents/GitHub/Remember
    

SwiftCompile normal x86_64 /Users/ahmadhamilton/Library/Developer/Xcode/DerivedData/a-do-bftrwaswllkyrrgwbkjoeerjxfwv/Build/Intermediates.noindex/a-do.build/Debug-iphonesimulator/a-do.build/DerivedSources/GeneratedAssetSymbols.swift (in target 'a-do' from project 'a-do')
    cd /Users/ahmadhamilton/Documents/GitHub/Remember
    

SwiftCompile normal x86_64 Compiling\ CompletedRemindersView.swift,\ HomeView.swift,\ InboxView.swift,\ ListsView.swift,\ AppleNotePickerView.swift,\ ReminderFormView.swift,\ TagPeopleView.swift,\ SmartSearchView.swift,\ AppleIntegrationsView.swift,\ SyncSettingsView.swift /Users/ahmadhamilton/Documents/GitHub/Remember/a-do/Views/Home/CompletedRemindersView.swift /Users/ahmadhamilton/Documents/GitHub/Remember/a-do/Views/Home/HomeView.swift /Users/ahmadhamilton/Documents/GitHub/Remember/a-do/Views/Home/InboxView.swift /Users/ahmadhamilton/Documents/GitHub/Remember/a-do/Views/Lists/ListsView.swift /Users/ahmadhamilton/Documents/GitHub/Remember/a-do/Views/ReminderForm/AppleNotePickerView.swift /Users/ahmadhamilton/Documents/GitHub/Remember/a-do/Views/ReminderForm/ReminderFormView.swift /Users/ahmadhamilton/Documents/GitHub/Remember/a-do/Views/ReminderForm/TagPeopleView.swift /Users/ahmadhamilton/Documents/GitHub/Remember/a-do/Views/Search/SmartSearchView.swift /Users/ahmadhamilton/Documents/GitHub/Remember/a-do/Views/Settings/AppleIntegrationsView.swift /Users/ahmadhamilton/Documents/GitHub/Remember/a-do/Views/Settings/SyncSettingsView.swift (in target 'a-do' from project 'a-do')

SwiftCompile normal x86_64 /Users/ahmadhamilton/Documents/GitHub/Remember/a-do/Views/Home/CompletedRemindersView.swift (in target 'a-do' from project 'a-do')
    cd /Users/ahmadhamilton/Documents/GitHub/Remember
    

SwiftCompile normal x86_64 /Users/ahmadhamilton/Documents/GitHub/Remember/a-do/Views/Home/HomeView.swift (in target 'a-do' from project 'a-do')
    cd /Users/ahmadhamilton/Documents/GitHub/Remember
    

SwiftCompile normal x86_64 /Users/ahmadhamilton/Documents/GitHub/Remember/a-do/Views/Home/InboxView.swift (in target 'a-do' from project 'a-do')
    cd /Users/ahmadhamilton/Documents/GitHub/Remember
    

SwiftCompile normal x86_64 /Users/ahmadhamilton/Documents/GitHub/Remember/a-do/Views/Lists/ListsView.swift (in target 'a-do' from project 'a-do')
    cd /Users/ahmadhamilton/Documents/GitHub/Remember
    

SwiftCompile normal x86_64 /Users/ahmadhamilton/Documents/GitHub/Remember/a-do/Views/ReminderForm/AppleNotePickerView.swift (in target 'a-do' from project 'a-do')
    cd /Users/ahmadhamilton/Documents/GitHub/Remember
    

SwiftCompile normal x86_64 /Users/ahmadhamilton/Documents/GitHub/Remember/a-do/Views/ReminderForm/ReminderFormView.swift (in target 'a-do' from project 'a-do')
    cd /Users/ahmadhamilton/Documents/GitHub/Remember
    

SwiftCompile normal x86_64 /Users/ahmadhamilton/Documents/GitHub/Remember/a-do/Views/ReminderForm/TagPeopleView.swift (in target 'a-do' from project 'a-do')
    cd /Users/ahmadhamilton/Documents/GitHub/Remember
    

SwiftCompile normal x86_64 /Users/ahmadhamilton/Documents/GitHub/Remember/a-do/Views/Search/SmartSearchView.swift (in target 'a-do' from project 'a-do')
    cd /Users/ahmadhamilton/Documents/GitHub/Remember
    

SwiftCompile normal x86_64 /Users/ahmadhamilton/Documents/GitHub/Remember/a-do/Views/Settings/AppleIntegrationsView.swift (in target 'a-do' from project 'a-do')
    cd /Users/ahmadhamilton/Documents/GitHub/Remember
    

SwiftCompile normal x86_64 /Users/ahmadhamilton/Documents/GitHub/Remember/a-do/Views/Settings/SyncSettingsView.swift (in target 'a-do' from project 'a-do')
    cd /Users/ahmadhamilton/Documents/GitHub/Remember
    

SwiftDriverJobDiscovery normal arm64 Compiling AppTheme.swift, AppGroupDefaults.swift, Color+Hex.swift, DeviceAdaptive.swift, MemoryOptimization.swift, SecurityUtils.swift, UserDefaults+AppGroup.swift, HabitViewModels.swift, ReminderViewModels.swift, SmartListEngine.swift (in target 'a-do' from project 'a-do')

SwiftCompile normal x86_64 Compiling\ TranslationManager.swift,\ VisualIntelligenceManager.swift,\ AdvancedSmartListModels.swift,\ AIModels.swift,\ AppSettings.swift,\ BackupModels.swift,\ CollaborationModels.swift,\ FocusModeModels.swift,\ GamificationModels.swift,\ HabitModels.swift /Users/ahmadhamilton/Documents/GitHub/Remember/a-do/Managers/TranslationManager.swift /Users/ahmadhamilton/Documents/GitHub/Remember/a-do/Managers/VisualIntelligenceManager.swift /Users/ahmadhamilton/Documents/GitHub/Remember/a-do/Models/AdvancedSmartListModels.swift /Users/ahmadhamilton/Documents/GitHub/Remember/a-do/Models/AIModels.swift /Users/ahmadhamilton/Documents/GitHub/Remember/a-do/Models/AppSettings.swift /Users/ahmadhamilton/Documents/GitHub/Remember/a-do/Models/BackupModels.swift /Users/ahmadhamilton/Documents/GitHub/Remember/a-do/Models/CollaborationModels.swift /Users/ahmadhamilton/Documents/GitHub/Remember/a-do/Models/FocusModeModels.swift /Users/ahmadhamilton/Documents/GitHub/Remember/a-do/Models/GamificationModels.swift /Users/ahmadhamilton/Documents/GitHub/Remember/a-do/Models/HabitModels.swift (in target 'a-do' from project 'a-do')

SwiftCompile normal x86_64 /Users/ahmadhamilton/Documents/GitHub/Remember/a-do/Managers/TranslationManager.swift (in target 'a-do' from project 'a-do')
    cd /Users/ahmadhamilton/Documents/GitHub/Remember
    

SwiftCompile normal x86_64 /Users/ahmadhamilton/Documents/GitHub/Remember/a-do/Managers/VisualIntelligenceManager.swift (in target 'a-do' from project 'a-do')
    cd /Users/ahmadhamilton/Documents/GitHub/Remember
    

SwiftCompile normal x86_64 /Users/ahmadhamilton/Documents/GitHub/Remember/a-do/Models/AdvancedSmartListModels.swift (in target 'a-do' from project 'a-do')
    cd /Users/ahmadhamilton/Documents/GitHub/Remember
    

SwiftCompile normal x86_64 /Users/ahmadhamilton/Documents/GitHub/Remember/a-do/Models/AIModels.swift (in target 'a-do' from project 'a-do')
    cd /Users/ahmadhamilton/Documents/GitHub/Remember
    

SwiftCompile normal x86_64 /Users/ahmadhamilton/Documents/GitHub/Remember/a-do/Models/AppSettings.swift (in target 'a-do' from project 'a-do')
    cd /Users/ahmadhamilton/Documents/GitHub/Remember
    

SwiftCompile normal x86_64 /Users/ahmadhamilton/Documents/GitHub/Remember/a-do/Models/BackupModels.swift (in target 'a-do' from project 'a-do')
    cd /Users/ahmadhamilton/Documents/GitHub/Remember
    

SwiftCompile normal x86_64 /Users/ahmadhamilton/Documents/GitHub/Remember/a-do/Models/CollaborationModels.swift (in target 'a-do' from project 'a-do')
    cd /Users/ahmadhamilton/Documents/GitHub/Remember
    

SwiftCompile normal x86_64 /Users/ahmadhamilton/Documents/GitHub/Remember/a-do/Models/FocusModeModels.swift (in target 'a-do' from project 'a-do')
    cd /Users/ahmadhamilton/Documents/GitHub/Remember
    

SwiftCompile normal x86_64 /Users/ahmadhamilton/Documents/GitHub/Remember/a-do/Models/GamificationModels.swift (in target 'a-do' from project 'a-do')
    cd /Users/ahmadhamilton/Documents/GitHub/Remember
    

SwiftCompile normal x86_64 /Users/ahmadhamilton/Documents/GitHub/Remember/a-do/Models/HabitModels.swift (in target 'a-do' from project 'a-do')
    cd /Users/ahmadhamilton/Documents/GitHub/Remember
    

SwiftDriverJobDiscovery normal arm64 Compiling CollaborationViewWrapper.swift, CreateListView.swift, EditWorkspaceView.swift, ShareReminderView.swift, WorkspaceDetailView.swift, WorkspaceMembersView.swift, AppleNoteAttachmentView.swift, FlowLayout.swift, GlassCard.swift, ImportRemindersView.swift (in target 'a-do' from project 'a-do')

SwiftCompile normal x86_64 Compiling\ TemplatesView.swift,\ CreateTimeGoalView.swift,\ EditTimeGoalView.swift,\ TimeAnalyticsView.swift,\ TimeAnalyticsViewWrapper.swift,\ TimeGoalDetailView.swift,\ TimeGoalsView.swift,\ TimeHistoryView.swift,\ TimeTrackingView.swift /Users/ahmadhamilton/Documents/GitHub/Remember/a-do/Views/Templates/TemplatesView.swift /Users/ahmadhamilton/Documents/GitHub/Remember/a-do/Views/TimeTracking/CreateTimeGoalView.swift /Users/ahmadhamilton/Documents/GitHub/Remember/a-do/Views/TimeTracking/EditTimeGoalView.swift /Users/ahmadhamilton/Documents/GitHub/Remember/a-do/Views/TimeTracking/TimeAnalyticsView.swift /Users/ahmadhamilton/Documents/GitHub/Remember/a-do/Views/TimeTracking/TimeAnalyticsViewWrapper.swift /Users/ahmadhamilton/Documents/GitHub/Remember/a-do/Views/TimeTracking/TimeGoalDetailView.swift /Users/ahmadhamilton/Documents/GitHub/Remember/a-do/Views/TimeTracking/TimeGoalsView.swift /Users/ahmadhamilton/Documents/GitHub/Remember/a-do/Views/TimeTracking/TimeHistoryView.swift /Users/ahmadhamilton/Documents/GitHub/Remember/a-do/Views/TimeTracking/TimeTrackingView.swift (in target 'a-do' from project 'a-do')

SwiftCompile normal x86_64 /Users/ahmadhamilton/Documents/GitHub/Remember/a-do/Views/Templates/TemplatesView.swift (in target 'a-do' from project 'a-do')
    cd /Users/ahmadhamilton/Documents/GitHub/Remember
    

SwiftCompile normal x86_64 /Users/ahmadhamilton/Documents/GitHub/Remember/a-do/Views/TimeTracking/CreateTimeGoalView.swift (in target 'a-do' from project 'a-do')
    cd /Users/ahmadhamilton/Documents/GitHub/Remember
    

SwiftCompile normal x86_64 /Users/ahmadhamilton/Documents/GitHub/Remember/a-do/Views/TimeTracking/EditTimeGoalView.swift (in target 'a-do' from project 'a-do')
    cd /Users/ahmadhamilton/Documents/GitHub/Remember
    

SwiftCompile normal x86_64 /Users/ahmadhamilton/Documents/GitHub/Remember/a-do/Views/TimeTracking/TimeAnalyticsView.swift (in target 'a-do' from project 'a-do')
    cd /Users/ahmadhamilton/Documents/GitHub/Remember
    

SwiftCompile normal x86_64 /Users/ahmadhamilton/Documents/GitHub/Remember/a-do/Views/TimeTracking/TimeAnalyticsViewWrapper.swift (in target 'a-do' from project 'a-do')
    cd /Users/ahmadhamilton/Documents/GitHub/Remember
    

SwiftCompile normal x86_64 /Users/ahmadhamilton/Documents/GitHub/Remember/a-do/Views/TimeTracking/TimeGoalDetailView.swift (in target 'a-do' from project 'a-do')
    cd /Users/ahmadhamilton/Documents/GitHub/Remember
    

SwiftCompile normal x86_64 /Users/ahmadhamilton/Documents/GitHub/Remember/a-do/Views/TimeTracking/TimeGoalsView.swift (in target 'a-do' from project 'a-do')
    cd /Users/ahmadhamilton/Documents/GitHub/Remember
    

SwiftCompile normal x86_64 /Users/ahmadhamilton/Documents/GitHub/Remember/a-do/Views/TimeTracking/TimeHistoryView.swift (in target 'a-do' from project 'a-do')
    cd /Users/ahmadhamilton/Documents/GitHub/Remember
    

SwiftCompile normal x86_64 /Users/ahmadhamilton/Documents/GitHub/Remember/a-do/Views/TimeTracking/TimeTrackingView.swift (in target 'a-do' from project 'a-do')
    cd /Users/ahmadhamilton/Documents/GitHub/Remember
    

SwiftDriverJobDiscovery normal arm64 Compiling PaywallView.swift, SubscriptionManagementView.swift, TagsView.swift, CreateRecurringReminderView.swift, CreateTemplateView.swift, EditRecurringReminderView.swift, EditTemplateView.swift, RecurringReminderDetailView.swift, TemplateDetailView.swift (in target 'a-do' from project 'a-do')

LinkAssetCatalog /Users/ahmadhamilton/Documents/GitHub/Remember/a-do/Assets.xcassets (in target 'a-do' from project 'a-do')
    cd /Users/ahmadhamilton/Documents/GitHub/Remember
    builtin-linkAssetCatalog --thinned /Users/ahmadhamilton/Library/Developer/Xcode/DerivedData/a-do-bftrwaswllkyrrgwbkjoeerjxfwv/Build/Intermediates.noindex/a-do.build/Debug-iphonesimulator/a-do.build/assetcatalog_output/thinned --thinned-dependencies /Users/ahmadhamilton/Library/Developer/Xcode/DerivedData/a-do-bftrwaswllkyrrgwbkjoeerjxfwv/Build/Intermediates.noindex/a-do.build/Debug-iphonesimulator/a-do.build/assetcatalog_dependencies_thinned --thinned-info-plist-content /Users/ahmadhamilton/Library/Developer/Xcode/DerivedData/a-do-bftrwaswllkyrrgwbkjoeerjxfwv/Build/Intermediates.noindex/a-do.build/Debug-iphonesimulator/a-do.build/assetcatalog_generated_info.plist_thinned --unthinned /Users/ahmadhamilton/Library/Developer/Xcode/DerivedData/a-do-bftrwaswllkyrrgwbkjoeerjxfwv/Build/Intermediates.noindex/a-do.build/Debug-iphonesimulator/a-do.build/assetcatalog_output/unthinned --unthinned-dependencies /Users/ahmadhamilton/Library/Developer/Xcode/DerivedData/a-do-bftrwaswllkyrrgwbkjoeerjxfwv/Build/Intermediates.noindex/a-do.build/Debug-iphonesimulator/a-do.build/assetcatalog_dependencies_unthinned --unthinned-info-plist-content /Users/ahmadhamilton/Library/Developer/Xcode/DerivedData/a-do-bftrwaswllkyrrgwbkjoeerjxfwv/Build/Intermediates.noindex/a-do.build/Debug-iphonesimulator/a-do.build/assetcatalog_generated_info.plist_unthinned --output /Users/ahmadhamilton/Library/Developer/Xcode/DerivedData/a-do-bftrwaswllkyrrgwbkjoeerjxfwv/Build/Products/Debug-iphonesimulator/a-do.app --plist-output /Users/ahmadhamilton/Library/Developer/Xcode/DerivedData/a-do-bftrwaswllkyrrgwbkjoeerjxfwv/Build/Intermediates.noindex/a-do.build/Debug-iphonesimulator/a-do.build/assetcatalog_generated_info.plist
note: Emplaced /Users/ahmadhamilton/Library/Developer/Xcode/DerivedData/a-do-bftrwaswllkyrrgwbkjoeerjxfwv/Build/Products/Debug-iphonesimulator/a-do.app/AppIcon60x60@2x.png (in target 'a-do' from project 'a-do')
note: Emplaced /Users/ahmadhamilton/Library/Developer/Xcode/DerivedData/a-do-bftrwaswllkyrrgwbkjoeerjxfwv/Build/Products/Debug-iphonesimulator/a-do.app/Assets.car (in target 'a-do' from project 'a-do')
note: Emplaced /Users/ahmadhamilton/Library/Developer/Xcode/DerivedData/a-do-bftrwaswllkyrrgwbkjoeerjxfwv/Build/Products/Debug-iphonesimulator/a-do.app/AppIcon76x76@2x~ipad.png (in target 'a-do' from project 'a-do')

** BUILD FAILED **


The following build commands failed:
	SwiftCompile normal arm64 Compiling\ HealthKitManager.swift,\ InteractiveWidgetManager.swift,\ JournalIntegrationManager.swift,\ LiveActivityManager.swift,\ LocationManager.swift,\ MLPatternRecognitionManager.swift,\ NaturalLanguageProcessor.swift,\ NotesManager.swift,\ NotificationManager.swift,\ RealNotesManager.swift /Users/ahmadhamilton/Documents/GitHub/Remember/a-do/Managers/HealthKitManager.swift /Users/ahmadhamilton/Documents/GitHub/Remember/a-do/Managers/InteractiveWidgetManager.swift /Users/ahmadhamilton/Documents/GitHub/Remember/a-do/Managers/JournalIntegrationManager.swift /Users/ahmadhamilton/Documents/GitHub/Remember/a-do/Managers/LiveActivityManager.swift /Users/ahmadhamilton/Documents/GitHub/Remember/a-do/Managers/LocationManager.swift /Users/ahmadhamilton/Documents/GitHub/Remember/a-do/Managers/MLPatternRecognitionManager.swift /Users/ahmadhamilton/Documents/GitHub/Remember/a-do/Managers/NaturalLanguageProcessor.swift /Users/ahmadhamilton/Documents/GitHub/Remember/a-do/Managers/NotesManager.swift /Users/ahmadhamilton/Documents/GitHub/Remember/a-do/Managers/NotificationManager.swift /Users/ahmadhamilton/Documents/GitHub/Remember/a-do/Managers/RealNotesManager.swift (in target 'a-do' from project 'a-do')
	SwiftCompile normal arm64 /Users/ahmadhamilton/Documents/GitHub/Remember/a-do/Managers/JournalIntegrationManager.swift (in target 'a-do' from project 'a-do')
	Building project a-do with scheme a-do
(3 failures)
